t_s,rx_pkts,rx_bps,rx_udp_pkts,rx_udp_bps,tx_pkts,tx_bps,tx_udp_pkts,tx_udp_bps,rx_tcp_pkts,rx_tcp_bps,rx_icmp_pkts,rx_icmp_bps,tx_qdrop_pkts,tx_qdrop_bps
1.000,3,2736.000,0,0.000,750,2585616.000,115,126480.000,0,0.000,0,0.000,0,0.000
2.000,0,0.000,0,0.000,825,3541936.000,208,98816.000,0,0.000,0,0.000,0,0.000
3.000,0,0.000,0,0.000,822,2943216.000,357,121072.000,0,0.000,0,0.000,0,0.000
4.000,0,0.000,0,0.000,829,3555896.000,447,118064.000,0,0.000,0,0.000,0,0.000
5.000,1,888.000,0,0.000,823,3138168.000,555,103224.000,0,0.000,0,0.000,0,0.000
6.000,1,888.000,0,0.000,823,3074680.000,661,99456.000,0,0.000,0,0.000,0,0.000
7.000,0,0.000,0,0.000,822,3645600.000,726,82576.000,0,0.000,0,0.000,0,0.000
8.000,0,0.000,0,0.000,822,3107984.000,866,138608.000,0,0.000,0,0.000,0,0.000
9.000,0,0.000,0,0.000,822,3021256.000,1007,168416.000,0,0.000,0,0.000,0,0.000
10.000,2,1776.000,0,0.000,829,2933608.000,1130,126312.000,0,0.000,0,0.000,0,0.000
11.000,0,0.000,0,0.000,823,3233640.000,1233,103056.000,0,0.000,0,0.000,0,0.000
12.000,0,0.000,0,0.000,824,3627888.000,1333,110856.000,0,0.000,0,0.000,0,0.000
13.000,0,0.000,0,0.000,822,2695912.000,1497,151240.000,0,0.000,0,0.000,0,0.000
14.000,0,0.000,0,0.000,822,3173136.000,1596,140216.000,0,0.000,0,0.000,0,0.000
15.000,0,0.000,0,0.000,671,2311584.000,1736,183304.000,0,0.000,0,0.000,0,0.000
16.000,0,0.000,0,0.000,643,1950792.000,1868,128752.000,0,0.000,0,0.000,0,0.000
17.000,0,0.000,0,0.000,644,2697984.000,1938,70600.000,0,0.000,0,0.000,0,0.000
18.000,0,0.000,0,0.000,643,2170344.000,2030,106896.000,0,0.000,0,0.000,0,0.000
19.000,0,0.000,0,0.000,643,2875680.000,2131,83104.000,0,0.000,0,0.000,0,0.000
20.000,0,0.000,0,0.000,645,2603568.000,2181,57856.000,0,0.000,0,0.000,0,0.000
21.000,0,0.000,0,0.000,645,2249536.000,2261,108128.000,0,0.000,0,0.000,0,0.000
22.000,0,0.000,0,0.000,645,3053736.000,2350,80680.000,0,0.000,0,0.000,0,0.000
23.000,0,0.000,0,0.000,643,2316288.000,2415,71552.000,0,0.000,0,0.000,0,0.000
24.000,0,0.000,0,0.000,643,1956192.000,2529,108080.000,0,0.000,0,0.000,0,0.000
25.000,0,0.000,0,0.000,643,3470336.000,2579,46880.000,0,0.000,0,0.000,0,0.000
26.000,0,0.000,0,0.000,645,1923696.000,2649,81976.000,0,0.000,0,0.000,0,0.000
27.000,0,0.000,0,0.000,644,2507040.000,2749,89984.000,0,0.000,0,0.000,0,0.000
28.000,0,0.000,0,0.000,643,4014416.000,2784,34896.000,0,0.000,0,0.000,0,0.000
29.000,12,56256.000,0,0.000,16802,73827920.000,19135,72546784.000,0,0.000,12,56256.000,2309,10237320.000
30.000,2,9376.000,0,0.000,24761,110399120.000,43407,108063008.000,0,0.000,2,9376.000,2795,12342936.000
31.000,2,9376.000,0,0.000,24897,110829520.000,67795,108679144.000,0,0.000,2,9376.000,3789,16853728.000
32.000,2,9376.000,0,0.000,24949,110620984.000,92269,109030584.000,0,0.000,2,9376.000,3776,16755304.000
33.000,2,9376.000,0,0.000,24894,111082624.000,116675,108647720.000,0,0.000,2,9376.000,3036,13417344.000
34.000,4,10400.000,0,0.000,24841,110602080.000,141008,108426568.000,0,0.000,2,9376.000,2672,11922744.000
35.000,4,10400.000,0,0.000,24994,109919024.000,165551,109279080.000,0,0.000,2,9376.000,3411,14910496.000
36.000,4,10400.000,0,0.000,24717,110535000.000,189811,108019152.000,0,0.000,2,9376.000,4275,19109520.000
37.000,2,9376.000,0,0.000,24866,110434656.000,214219,108719656.000,0,0.000,2,9376.000,4017,17826960.000
38.000,2,1024.000,0,0.000,24810,110553352.000,238536,108386312.000,0,0.000,0,0.000,3414,15146896.000
39.000,2,1024.000,0,0.000,24761,111134456.000,262770,108075504.000,0,0.000,0,0.000,3546,15909200.000
40.000,2,1024.000,0,0.000,24959,110355376.000,287287,109035480.000,0,0.000,0,0.000,3877,17074504.000
41.000,2,1184.000,0,0.000,24910,110842504.000,311871,109436688.000,0,0.000,0,0.000,13027,57962920.000
42.000,2,1024.000,0,0.000,21790,97168640.000,333418,96093768.000,0,0.000,0,0.000,20986,93827112.000
43.000,2,1024.000,0,0.000,643,1738224.000,333535,114344.000,0,0.000,0,0.000,0,0.000
44.000,2,1024.000,0,0.000,643,2954128.000,333580,63392.000,0,0.000,0,0.000,0,0.000
45.000,0,0.000,0,0.000,645,3181128.000,333650,82352.000,0,0.000,0,0.000,0,0.000
46.000,2,1024.000,0,0.000,645,2058808.000,333763,115256.000,0,0.000,0,0.000,0,0.000
47.000,2,1024.000,0,0.000,643,2714808.000,333822,58776.000,0,0.000,0,0.000,0,0.000
48.000,2,1024.000,0,0.000,643,3120200.000,333854,38504.000,0,0.000,0,0.000,0,0.000
49.000,0,0.000,0,0.000,643,1939184.000,333998,142224.000,0,0.000,0,0.000,0,0.000
50.000,2,1024.000,0,0.000,643,2979160.000,334041,53248.000,0,0.000,0,0.000,0,0.000
51.000,2,1024.000,0,0.000,643,2165424.000,334155,104984.000,0,0.000,0,0.000,0,0.000
52.000,2,1024.000,0,0.000,645,2490008.000,334252,171376.000,0,0.000,0,0.000,0,0.000
53.000,0,0.000,0,0.000,645,3613216.000,334320,81624.000,0,0.000,0,0.000,0,0.000
54.000,2,1024.000,0,0.000,643,2410584.000,334376,68664.000,0,0.000,0,0.000,0,0.000
55.000,2,1024.000,0,0.000,643,2089960.000,334513,134248.000,0,0.000,0,0.000,0,0.000
56.000,2,1024.000,0,0.000,643,3329928.000,334549,47432.000,0,0.000,0,0.000,0,0.000
57.000,0,0.000,0,0.000,643,1706616.000,334666,127680.000,0,0.000,0,0.000,0,0.000
58.000,2,1024.000,0,0.000,643,1798512.000,334788,138680.000,0,0.000,0,0.000,0,0.000
59.000,2,1024.000,0,0.000,643,3923304.000,334804,17544.000,0,0.000,0,0.000,0,0.000
60.000,2,1024.000,0,0.000,647,1805224.000,334975,264632.000,0,0.000,0,0.000,0,0.000
61.000,0,0.000,0,0.000,643,2467800.000,335064,140296.000,0,0.000,0,0.000,0,0.000
62.000,2,1024.000,0,0.000,643,1939912.000,335128,93304.000,0,0.000,0,0.000,0,0.000
63.000,2,1024.000,0,0.000,643,2101440.000,335243,102568.000,0,0.000,0,0.000,0,0.000
64.000,2,1024.000,0,0.000,645,3325880.000,335293,55968.000,0,0.000,0,0.000,0,0.000
65.000,0,0.000,0,0.000,643,1593784.000,335395,94896.000,0,0.000,0,0.000,0,0.000
66.000,2,1024.000,0,0.000,643,2457992.000,335505,100128.000,0,0.000,0,0.000,0,0.000
67.000,2,1024.000,0,0.000,643,2711200.000,335554,51848.000,0,0.000,0,0.000,0,0.000
68.000,2,1024.000,0,0.000,647,1927000.000,335693,180840.000,0,0.000,0,0.000,0,0.000
69.000,0,0.000,0,0.000,643,2379312.000,335830,339904.000,0,0.000,0,0.000,0,0.000
70.000,2,1024.000,0,0.000,643,3783760.000,335873,103784.000,0,0.000,0,0.000,0,0.000
71.000,2,1024.000,0,0.000,643,1571616.000,336077,557144.000,0,0.000,0,0.000,0,0.000
72.000,2,1024.000,0,0.000,643,2402744.000,336250,235432.000,0,0.000,0,0.000,0,0.000
73.000,0,0.000,0,0.000,643,3545536.000,336292,52176.000,0,0.000,0,0.000,0,0.000
74.000,2,1024.000,0,0.000,653,2776776.000,336363,78016.000,0,0.000,0,0.000,0,0.000
75.000,2,1024.000,0,0.000,645,1803584.000,336479,111128.000,0,0.000,0,0.000,0,0.000
76.000,2,1024.000,0,0.000,643,3409992.000,336533,82296.000,0,0.000,0,0.000,0,0.000
77.000,0,0.000,0,0.000,643,2621312.000,336624,131992.000,0,0.000,0,0.000,0,0.000
78.000,2,1024.000,0,0.000,643,1953112.000,336773,191728.000,0,0.000,0,0.000,0,0.000
79.000,2,1024.000,0,0.000,643,2864264.000,336856,67664.000,0,0.000,0,0.000,0,0.000
80.000,2,1024.000,0,0.000,643,2124880.000,336930,90040.000,0,0.000,0,0.000,0,0.000
81.000,0,0.000,0,0.000,645,2371792.000,337037,96048.000,0,0.000,0,0.000,0,0.000
82.000,2,1024.000,0,0.000,643,3303000.000,337094,61912.000,0,0.000,0,0.000,0,0.000
83.000,2,1024.000,0,0.000,645,888736.000,337247,223464.000,0,0.000,0,0.000,0,0.000
84.000,2,1024.000,0,0.000,643,2313320.000,337383,188568.000,0,0.000,0,0.000,0,0.000
85.000,0,0.000,0,0.000,643,2353928.000,337448,112040.000,0,0.000,0,0.000,0,0.000
86.000,2,1024.000,0,0.000,645,2594296.000,337513,76896.000,0,0.000,0,0.000,0,0.000
87.000,2,1024.000,0,0.000,643,2912440.000,337602,80768.000,0,0.000,0,0.000,0,0.000
88.000,2,1024.000,0,0.000,645,1984272.000,337689,103000.000,0,0.000,0,0.000,0,0.000
89.000,0,0.000,0,0.000,644,2663624.000,337779,82920.000,0,0.000,0,0.000,0,0.000
90.000,2,1024.000,0,0.000,644,839768.000,337981,211904.000,0,0.000,0,0.000,0,0.000
91.000,2,1024.000,0,0.000,644,653208.000,338191,201032.000,0,0.000,0,0.000,0,0.000
92.000,2,1024.000,0,0.000,643,643200.000,338414,238688.000,0,0.000,0,0.000,0,0.000
93.000,0,0.000,0,0.000,643,1569008.000,338594,236056.000,0,0.000,0,0.000,0,0.000
94.000,2,1024.000,0,0.000,648,2612792.000,338692,168744.000,0,0.000,0,0.000,0,0.000
95.000,2,1024.000,0,0.000,645,2958224.000,338756,94408.000,0,0.000,0,0.000,0,0.000
96.000,2,1024.000,0,0.000,645,2824600.000,338867,91656.000,0,0.000,0,0.000,0,0.000
97.000,0,0.000,0,0.000,645,2330048.000,338957,103248.000,0,0.000,0,0.000,0,0.000
98.000,2,1024.000,0,0.000,643,3709848.000,339001,50464.000,0,0.000,0,0.000,0,0.000
99.000,2,1024.000,0,0.000,643,1976480.000,339109,92072.000,0,0.000,0,0.000,0,0.000
100.000,2,1024.000,0,0.000,646,2623272.000,339164,65728.000,0,0.000,0,0.000,0,0.000
101.000,0,0.000,0,0.000,644,3329288.000,339215,76096.000,0,0.000,0,0.000,0,0.000
102.000,2,1024.000,0,0.000,646,1614152.000,339401,257960.000,0,0.000,0,0.000,0,0.000
103.000,2,1024.000,0,0.000,643,2657248.000,339481,127880.000,0,0.000,0,0.000,0,0.000
104.000,2,1024.000,0,0.000,644,3392040.000,339519,68696.000,0,0.000,0,0.000,0,0.000
105.000,0,0.000,0,0.000,644,1892144.000,339649,113320.000,0,0.000,0,0.000,0,0.000
106.000,2,1024.000,0,0.000,644,2449104.000,339771,119776.000,0,0.000,0,0.000,0,0.000
107.000,3,1616.000,0,0.000,647,3416080.000,339800,33528.000,0,0.000,0,0.000,0,0.000
108.000,2,1024.000,0,0.000,645,2063408.000,339926,123864.000,0,0.000,0,0.000,0,0.000
109.000,0,0.000,0,0.000,644,2948960.000,339999,73664.000,0,0.000,0,0.000,0,0.000
110.000,2,1024.000,0,0.000,646,3214600.000,340050,57456.000,0,0.000,0,0.000,0,0.000
111.000,2,1024.000,0,0.000,647,2179336.000,340182,116440.000,0,0.000,0,0.000,0,0.000
112.000,2,1024.000,0,0.000,644,3412560.000,340215,40440.000,0,0.000,0,0.000,0,0.000
113.000,0,0.000,0,0.000,643,3652104.000,340249,34944.000,0,0.000,0,0.000,0,0.000
114.000,2,1024.000,0,0.000,645,1590056.000,340396,161440.000,0,0.000,0,0.000,0,0.000
115.000,2,1024.000,0,0.000,643,3144496.000,340448,53648.000,0,0.000,0,0.000,0,0.000
116.000,2,1024.000,0,0.000,645,3066856.000,340504,77000.000,0,0.000,0,0.000,0,0.000
117.000,0,0.000,0,0.000,644,874352.000,340696,240184.000,0,0.000,0,0.000,0,0.000
118.000,2,1024.000,0,0.000,646,3862272.000,340734,53736.000,0,0.000,0,0.000,0,0.000
119.000,2,1024.000,0,0.000,645,3564224.000,340769,48288.000,0,0.000,0,0.000,0,0.000
120.000,2,1024.000,0,0.000,643,2141104.000,340896,123832.000,0,0.000,0,0.000,0,0.000
121.000,0,0.000,0,0.000,644,3669728.000,340945,54488.000,0,0.000,0,0.000,0,0.000
122.000,2,1024.000,0,0.000,646,1636224.000,341054,114928.000,0,0.000,0,0.000,0,0.000
123.000,2,1024.000,0,0.000,647,2565512.000,341186,119600.000,0,0.000,0,0.000,0,0.000
124.000,2,1024.000,0,0.000,644,2859664.000,341224,47792.000,0,0.000,0,0.000,0,0.000
125.000,0,0.000,0,0.000,643,1411016.000,341384,195680.000,0,0.000,0,0.000,0,0.000
126.000,2,1024.000,0,0.000,646,3044528.000,341456,137368.000,0,0.000,0,0.000,0,0.000
127.000,2,1024.000,0,0.000,644,3270456.000,341501,70688.000,0,0.000,0,0.000,0,0.000
128.000,2,1024.000,0,0.000,644,1972000.000,341629,139360.000,0,0.000,0,0.000,0,0.000
129.000,0,0.000,0,0.000,644,2750224.000,341675,45024.000,0,0.000,0,0.000,0,0.000
130.000,2,1024.000,0,0.000,645,2820792.000,341735,73712.000,0,0.000,0,0.000,0,0.000
131.000,2,1024.000,0,0.000,644,2129064.000,341844,116432.000,0,0.000,0,0.000,0,0.000
132.000,2,1024.000,0,0.000,644,2832360.000,341905,58528.000,0,0.000,0,0.000,0,0.000
133.000,0,0.000,0,0.000,645,3519208.000,341949,54888.000,0,0.000,0,0.000,0,0.000
134.000,2,1024.000,0,0.000,644,917448.000,342113,152384.000,0,0.000,0,0.000,0,0.000
135.000,2,1024.000,0,0.000,643,566096.000,342218,97312.000,0,0.000,0,0.000,0,0.000
136.000,2,1024.000,0,0.000,644,654800.000,342336,138192.000,0,0.000,0,0.000,0,0.000
137.000,0,0.000,0,0.000,647,1195664.000,342478,228024.000,0,0.000,0,0.000,0,0.000
138.000,2,1024.000,0,0.000,647,1753712.000,342542,117208.000,0,0.000,0,0.000,0,0.000
139.000,2,1024.000,0,0.000,644,986040.000,342711,279816.000,0,0.000,0,0.000,0,0.000
140.000,2,1024.000,0,0.000,643,1190216.000,342990,484440.000,0,0.000,0,0.000,0,0.000
141.000,0,0.000,0,0.000,645,1283168.000,343171,436960.000,0,0.000,0,0.000,0,0.000
142.000,2,1024.000,0,0.000,644,4229280.000,343658,3926760.000,0,0.000,0,0.000,0,0.000
143.000,2,1024.000,0,0.000,644,1656416.000,343878,521144.000,0,0.000,0,0.000,0,0.000
144.000,2,1024.000,0,0.000,644,2114640.000,343979,179744.000,0,0.000,0,0.000,0,0.000
145.000,0,0.000,0,0.000,645,1683984.000,344091,119328.000,0,0.000,0,0.000,0,0.000
146.000,2,1024.000,0,0.000,643,1969512.000,344175,108016.000,0,0.000,0,0.000,0,0.000
147.000,2,1024.000,0,0.000,644,1565328.000,344286,115976.000,0,0.000,0,0.000,0,0.000
148.000,2,1024.000,0,0.000,646,2460032.000,344372,127368.000,0,0.000,0,0.000,0,0.000
149.000,0,0.000,0,0.000,646,1378464.000,344518,201416.000,0,0.000,0,0.000,0,0.000
150.000,2,1024.000,0,0.000,644,940736.000,344661,181680.000,0,0.000,0,0.000,0,0.000
151.000,2,1024.000,0,0.000,644,907136.000,344798,146496.000,0,0.000,0,0.000,0,0.000
152.000,2,1024.000,0,0.000,644,742152.000,344962,204872.000,0,0.000,0,0.000,0,0.000
153.000,0,0.000,0,0.000,646,933488.000,345139,227392.000,0,0.000,0,0.000,0,0.000
154.000,2,1024.000,0,0.000,646,3818472.000,345157,21760.000,0,0.000,0,0.000,0,0.000
155.000,2,1024.000,0,0.000,644,2167704.000,345417,153352.000,0,0.000,0,0.000,0,0.000
156.000,2,1024.000,0,0.000,643,1146808.000,345828,280496.000,0,0.000,0,0.000,0,0.000
157.000,0,0.000,0,0.000,643,1152840.000,346198,252888.000,0,0.000,0,0.000,0,0.000
158.000,2,1024.000,0,0.000,644,2441360.000,346431,154712.000,0,0.000,0,0.000,0,0.000
159.000,2,1024.000,0,0.000,647,2472096.000,346615,111904.000,0,0.000,0,0.000,0,0.000
160.000,2,1024.000,0,0.000,647,1170336.000,346963,231408.000,0,0.000,0,0.000,0,0.000
161.000,0,0.000,0,0.000,643,1683696.000,347238,187024.000,0,0.000,0,0.000,0,0.000
162.000,2,1024.000,0,0.000,643,1322672.000,347586,203808.000,0,0.000,0,0.000,0,0.000
163.000,2,1024.000,0,0.000,646,1526584.000,347928,199576.000,0,0.000,0,0.000,0,0.000
164.000,2,1024.000,0,0.000,647,2766296.000,348189,516472.000,0,0.000,0,0.000,0,0.000
165.000,0,0.000,0,0.000,645,2143480.000,348439,163256.000,0,0.000,0,0.000,0,0.000
166.000,2,1024.000,0,0.000,644,1031024.000,348838,310968.000,0,0.000,0,0.000,0,0.000
167.000,2,1024.000,0,0.000,643,659816.000,349308,270752.000,0,0.000,0,0.000,0,0.000
168.000,2,1024.000,0,0.000,643,532424.000,349748,271024.000,0,0.000,0,0.000,0,0.000
169.000,0,0.000,0,0.000,644,1672136.000,350062,182096.000,0,0.000,0,0.000,0,0.000
170.000,2,1024.000,0,0.000,646,2896128.000,350260,144112.000,0,0.000,0,0.000,0,0.000
171.000,2,1024.000,0,0.000,645,3462128.000,350428,119824.000,0,0.000,0,0.000,0,0.000
172.000,2,1024.000,0,0.000,645,1193496.000,350808,279056.000,0,0.000,0,0.000,0,0.000
173.000,0,0.000,0,0.000,644,1108912.000,351240,289304.000,0,0.000,0,0.000,0,0.000
174.000,2,1024.000,0,0.000,644,1576512.000,351538,214368.000,0,0.000,0,0.000,0,0.000
175.000,2,1024.000,0,0.000,644,2885984.000,351743,135336.000,0,0.000,0,0.000,0,0.000
176.000,2,1024.000,0,0.000,646,3572640.000,351883,91784.000,0,0.000,0,0.000,0,0.000
177.000,1,512.000,0,0.000,643,1643864.000,352153,168008.000,0,0.000,0,0.000,0,0.000
178.000,2,1024.000,0,0.000,646,985104.000,352536,236224.000,0,0.000,0,0.000,0,0.000
179.000,2,1024.000,0,0.000,645,1316784.000,352863,194832.000,0,0.000,0,0.000,0,0.000
180.000,1,512.000,0,0.000,645,2031840.000,353139,158832.000,0,0.000,0,0.000,0,0.000
181.000,1,512.000,0,0.000,644,2727864.000,353334,120352.000,0,0.000,0,0.000,0,0.000
182.000,2,1024.000,0,0.000,645,1031400.000,353713,237456.000,0,0.000,0,0.000,0,0.000
183.000,2,1024.000,0,0.000,643,1274056.000,354061,225216.000,0,0.000,0,0.000,0,0.000
184.000,1,512.000,0,0.000,643,1646752.000,354342,173208.000,0,0.000,0,0.000,0,0.000
185.000,1,512.000,0,0.000,646,2942056.000,354501,92688.000,0,0.000,0,0.000,0,0.000
186.000,2,1024.000,0,0.000,644,771720.000,354903,248664.000,0,0.000,0,0.000,0,0.000
187.000,2,1024.000,0,0.000,646,571872.000,355364,305568.000,0,0.000,0,0.000,0,0.000
188.000,2,1024.000,0,0.000,646,585616.000,355761,237512.000,0,0.000,0,0.000,0,0.000
189.000,0,0.000,0,0.000,652,3345544.000,355856,59592.000,0,0.000,0,0.000,0,0.000
190.000,0,0.000,0,0.000,654,1150816.000,356138,161536.000,0,0.000,0,0.000,0,0.000
191.000,0,0.000,0,0.000,652,909336.000,356534,240608.000,0,0.000,0,0.000,0,0.000
192.000,0,0.000,0,0.000,655,1553648.000,356849,198416.000,0,0.000,0,0.000,0,0.000
193.000,0,0.000,0,0.000,652,3481128.000,356996,104272.000,0,0.000,0,0.000,0,0.000
194.000,0,0.000,0,0.000,654,2214288.000,357189,136552.000,0,0.000,0,0.000,0,0.000
195.000,0,0.000,0,0.000,651,468152.000,357635,270104.000,0,0.000,0,0.000,0,0.000
196.000,0,0.000,0,0.000,661,856016.000,357998,216880.000,0,0.000,0,0.000,0,0.000
197.000,0,0.000,0,0.000,657,485776.000,358515,343736.000,0,0.000,0,0.000,0,0.000
198.000,0,0.000,0,0.000,662,494224.000,359047,356712.000,0,0.000,0,0.000,0,0.000
199.000,0,0.000,0,0.000,660,476152.000,359563,333824.000,0,0.000,0,0.000,0,0.000
200.000,0,0.000,0,0.000,662,433008.000,360079,305664.000,0,0.000,0,0.000,0,0.000
201.000,0,0.000,0,0.000,663,438472.000,360603,307240.000,0,0.000,0,0.000,0,0.000
202.000,0,0.000,0,0.000,663,445912.000,361128,294360.000,0,0.000,0,0.000,0,0.000
203.000,0,0.000,0,0.000,661,397792.000,361699,319016.000,0,0.000,0,0.000,0,0.000
204.000,0,0.000,0,0.000,659,434792.000,362237,331008.000,0,0.000,0,0.000,0,0.000
205.000,0,0.000,0,0.000,662,476384.000,362758,308280.000,0,0.000,0,0.000,0,0.000
206.000,0,0.000,0,0.000,660,427480.000,363273,299976.000,0,0.000,0,0.000,0,0.000
207.000,0,0.000,0,0.000,665,553264.000,363765,371552.000,0,0.000,0,0.000,0,0.000
208.000,0,0.000,0,0.000,664,505696.000,364289,361008.000,0,0.000,0,0.000,0,0.000
209.000,0,0.000,0,0.000,662,1074712.000,364645,245200.000,0,0.000,0,0.000,0,0.000
210.000,0,0.000,0,0.000,664,2813216.000,364848,132224.000,0,0.000,0,0.000,0,0.000
211.000,0,0.000,0,0.000,653,598472.000,365321,267200.000,0,0.000,0,0.000,0,0.000
212.000,0,0.000,0,0.000,649,1175816.000,365720,223120.000,0,0.000,0,0.000,0,0.000
213.000,0,0.000,0,0.000,21188,96099160.000,365984,184928.000,0,0.000,0,0.000,121,523952.000
214.000,0,0.000,0,0.000,24804,112500608.000,366220,183824.000,0,0.000,0,0.000,173,802496.000
215.000,0,0.000,0,0.000,24955,111972256.000,366591,260776.000,0,0.000,0,0.000,117,489088.000
216.000,0,0.000,0,0.000,24928,111570016.000,367019,256752.000,0,0.000,0,0.000,179,741784.000
217.000,0,0.000,0,0.000,24917,112051152.000,367374,222744.000,0,0.000,0,0.000,98,445184.000
218.000,0,0.000,0,0.000,24948,111645928.000,367773,239072.000,0,0.000,0,0.000,198,794800.000
219.000,0,0.000,0,0.000,24680,112774280.000,367963,129528.000,0,0.000,0,0.000,171,803136.000
220.000,0,0.000,0,0.000,24707,113048000.000,368126,99880.000,0,0.000,0,0.000,70,333696.000
221.000,0,0.000,0,0.000,24814,112499096.000,368329,121656.000,0,0.000,0,0.000,10831,48737448.000
222.000,0,0.000,0,0.000,24809,112506712.000,368470,83240.000,0,0.000,0,0.000,24779,111587368.000
223.000,0,0.000,0,0.000,24772,112191576.000,368686,137576.000,0,0.000,0,0.000,13900,62552184.000
224.000,0,0.000,0,0.000,24836,112230136.000,368936,157440.000,0,0.000,0,0.000,95,436152.000
225.000,0,0.000,0,0.000,24930,111918776.000,369266,205672.000,0,0.000,0,0.000,165,697656.000
226.000,0,0.000,0,0.000,24977,111890912.000,369640,221152.000,0,0.000,0,0.000,138,557328.000
227.000,0,0.000,0,0.000,25039,111779624.000,370093,258144.000,0,0.000,0,0.000,89,349512.000
228.000,0,0.000,0,0.000,25033,111882920.000,370499,238928.000,0,0.000,0,0.000,106,442928.000
229.000,0,0.000,0,0.000,24705,112788360.000,370663,93232.000,0,0.000,0,0.000,222,1024096.000
230.000,0,0.000,0,0.000,13885,61241880.000,371033,234080.000,0,0.000,0,0.000,45,193872.000
231.000,0,0.000,0,0.000,644,1089432.000,371417,224808.000,0,0.000,0,0.000,0,0.000
232.000,0,0.000,0,0.000,644,1557752.000,371768,229696.000,0,0.000,0,0.000,0,0.000
233.000,0,0.000,0,0.000,643,2159888.000,372028,156232.000,0,0.000,0,0.000,0,0.000
234.000,0,0.000,0,0.000,643,684304.000,372448,281336.000,0,0.000,0,0.000,0,0.000
235.000,0,0.000,0,0.000,643,622792.000,372889,317016.000,0,0.000,0,0.000,0,0.000
236.000,0,0.000,0,0.000,645,1122408.000,373223,219832.000,0,0.000,0,0.000,0,0.000
237.000,0,0.000,0,0.000,645,1890624.000,373398,114720.000,0,0.000,0,0.000,0,0.000
238.000,0,0.000,0,0.000,645,3127008.000,373503,107224.000,0,0.000,0,0.000,0,0.000
239.000,0,0.000,0,0.000,643,2053136.000,373712,152816.000,0,0.000,0,0.000,0,0.000
240.000,0,0.000,0,0.000,643,1970704.000,373945,152976.000,0,0.000,0,0.000,0,0.000
241.000,0,0.000,0,0.000,643,2357112.000,374175,141288.000,0,0.000,0,0.000,0,0.000
242.000,0,0.000,0,0.000,646,2131904.000,374348,121016.000,0,0.000,0,0.000,0,0.000
243.000,0,0.000,0,0.000,645,993288.000,374629,180464.000,0,0.000,0,0.000,0,0.000
244.000,0,0.000,0,0.000,645,1846032.000,374914,178816.000,0,0.000,0,0.000,0,0.000
245.000,1,512.000,0,0.000,645,1919416.000,375173,189016.000,0,0.000,0,0.000,0,0.000
246.000,1,512.000,0,0.000,644,2944488.000,375382,159112.000,0,0.000,0,0.000,0,0.000
247.000,0,0.000,0,0.000,644,1518368.000,375610,185128.000,0,0.000,0,0.000,0,0.000
248.000,2,1024.000,0,0.000,646,1104448.000,375978,297648.000,0,0.000,0,0.000,0,0.000
249.000,0,0.000,0,0.000,646,1471688.000,376272,197376.000,0,0.000,0,0.000,0,0.000
250.000,0,0.000,0,0.000,648,2118840.000,376515,177128.000,0,0.000,0,0.000,0,0.000
251.000,0,0.000,0,0.000,646,2773136.000,376679,96272.000,0,0.000,0,0.000,0,0.000
252.000,0,0.000,0,0.000,645,1089496.000,376956,193000.000,0,0.000,0,0.000,0,0.000
253.000,0,0.000,0,0.000,643,1896848.000,377178,136736.000,0,0.000,0,0.000,0,0.000
254.000,0,0.000,0,0.000,643,2040104.000,377496,192384.000,0,0.000,0,0.000,0,0.000
255.000,0,0.000,0,0.000,643,2932608.000,377679,111304.000,0,0.000,0,0.000,0,0.000
256.000,0,0.000,0,0.000,645,1205984.000,377987,187872.000,0,0.000,0,0.000,0,0.000
257.000,0,0.000,0,0.000,643,1194816.000,378335,198384.000,0,0.000,0,0.000,0,0.000
258.000,0,0.000,0,0.000,643,1733160.000,378698,206792.000,0,0.000,0,0.000,0,0.000
259.000,0,0.000,0,0.000,643,2060112.000,378968,160768.000,0,0.000,0,0.000,0,0.000
260.000,0,0.000,0,0.000,2702,4724392.000,379118,85424.000,0,0.000,0,0.000,1555,969544.000
261.000,0,0.000,0,0.000,48079,30189832.000,379257,76504.000,0,0.000,0,0.000,47607,30086592.000
262.000,0,0.000,0,0.000,48212,30240688.000,379402,83568.000,0,0.000,0,0.000,47973,30139024.000
263.000,0,0.000,0,0.000,48154,30255792.000,379545,82880.000,0,0.000,0,0.000,47572,30196664.000
264.000,0,0.000,0,0.000,48018,30445832.000,379661,69912.000,0,0.000,0,0.000,47580,30381696.000
265.000,0,0.000,0,0.000,48054,30505800.000,379758,58696.000,0,0.000,0,0.000,47391,30736552.000
266.000,0,0.000,0,0.000,48105,30332760.000,379886,72592.000,0,0.000,0,0.000,47710,30280768.000
267.000,0,0.000,0,0.000,48083,30192792.000,380014,68992.000,0,0.000,0,0.000,48078,30359344.000
268.000,0,0.000,0,0.000,48049,30415328.000,380125,67192.000,0,0.000,0,0.000,47656,30497440.000
269.000,0,0.000,0,0.000,48063,30389840.000,380228,61192.000,0,0.000,0,0.000,47398,30530984.000
270.000,0,0.000,0,0.000,48013,30842056.000,380284,34880.000,0,0.000,0,0.000,47125,31017464.000
271.000,0,0.000,0,0.000,48135,30423992.000,380374,54816.000,0,0.000,0,0.000,47280,30392248.000
272.000,0,0.000,0,0.000,48075,30175440.000,380523,86136.000,0,0.000,0,0.000,47966,30237464.000
273.000,0,0.000,0,0.000,48145,30445032.000,380687,121808.000,0,0.000,0,0.000,42119,26862840.000
274.000,0,0.000,0,0.000,47808,30922600.000,380979,214040.000,0,0.000,0,0.000,352,232224.000
275.000,0,0.000,0,0.000,3550,4451920.000,381206,154144.000,0,0.000,0,0.000,14,8672.000
276.000,0,0.000,0,0.000,643,1215616.000,381568,210288.000,0,0.000,0,0.000,0,0.000
277.000,0,0.000,0,0.000,643,969184.000,381975,228000.000,0,0.000,0,0.000,0,0.000
278.000,0,0.000,0,0.000,645,1547064.000,382263,194392.000,0,0.000,0,0.000,0,0.000
279.000,0,0.000,0,0.000,643,1643064.000,382572,235648.000,0,0.000,0,0.000,0,0.000
280.000,0,0.000,0,0.000,646,1940888.000,382869,195872.000,0,0.000,0,0.000,0,0.000
281.000,0,0.000,0,0.000,643,1264496.000,383214,191856.000,0,0.000,0,0.000,0,0.000
282.000,0,0.000,0,0.000,644,1239704.000,383609,227920.000,0,0.000,0,0.000,0,0.000
283.000,0,0.000,0,0.000,644,1095120.000,384007,232040.000,0,0.000,0,0.000,0,0.000
284.000,0,0.000,0,0.000,647,1527448.000,384307,183024.000,0,0.000,0,0.000,0,0.000
285.000,0,0.000,0,0.000,643,2890896.000,384455,84128.000,0,0.000,0,0.000,0,0.000
286.000,0,0.000,0,0.000,643,2027120.000,384720,160184.000,0,0.000,0,0.000,0,0.000
287.000,0,0.000,0,0.000,643,604896.000,385163,310528.000,0,0.000,0,0.000,0,0.000
288.000,0,0.000,0,0.000,643,550848.000,385651,392392.000,0,0.000,0,0.000,0,0.000
289.000,0,0.000,0,0.000,643,497880.000,386131,315632.000,0,0.000,0,0.000,0,0.000
290.000,0,0.000,0,0.000,643,2497760.000,386380,156488.000,0,0.000,0,0.000,0,0.000
291.000,0,0.000,0,0.000,643,3742928.000,386508,82608.000,0,0.000,0,0.000,0,0.000
292.000,0,0.000,0,0.000,647,1286376.000,386824,178488.000,0,0.000,0,0.000,0,0.000
293.000,0,0.000,0,0.000,643,1493592.000,387116,172848.000,0,0.000,0,0.000,0,0.000
294.000,0,0.000,0,0.000,643,1783984.000,387421,182880.000,0,0.000,0,0.000,0,0.000
295.000,0,0.000,0,0.000,643,2912984.000,387582,98728.000,0,0.000,0,0.000,0,0.000
296.000,0,0.000,0,0.000,643,1234512.000,387912,206432.000,0,0.000,0,0.000,0,0.000
297.000,0,0.000,0,0.000,645,983296.000,388343,253320.000,0,0.000,0,0.000,0,0.000
298.000,0,0.000,0,0.000,643,1651336.000,388671,186016.000,0,0.000,0,0.000,0,0.000
299.000,0,0.000,0,0.000,643,2821816.000,388894,131792.000,0,0.000,0,0.000,0,0.000
300.000,0,0.000,0,0.000,645,2315056.000,389122,149672.000,0,0.000,0,0.000,0,0.000
301.000,0,0.000,0,0.000,645,913288.000,389504,221256.000,0,0.000,0,0.000,0,0.000
302.000,0,0.000,0,0.000,643,1652248.000,389795,177968.000,0,0.000,0,0.000,0,0.000
303.000,0,0.000,0,0.000,644,2161656.000,390058,158216.000,0,0.000,0,0.000,0,0.000
304.000,1,512.000,0,0.000,643,2965232.000,390215,96104.000,0,0.000,0,0.000,0,0.000
305.000,0,0.000,0,0.000,643,1073016.000,390535,198032.000,0,0.000,0,0.000,0,0.000
306.000,0,0.000,0,0.000,643,974864.000,390904,234232.000,0,0.000,0,0.000,0,0.000
307.000,0,0.000,0,0.000,643,1586024.000,391238,202456.000,0,0.000,0,0.000,0,0.000
308.000,0,0.000,0,0.000,647,2312568.000,391504,165024.000,0,0.000,0,0.000,0,0.000
309.000,0,0.000,0,0.000,643,3754960.000,391629,75264.000,0,0.000,0,0.000,0,0.000
310.000,0,0.000,0,0.000,643,1197048.000,391917,183856.000,0,0.000,0,0.000,0,0.000
311.000,0,0.000,0,0.000,643,1208160.000,392290,215080.000,0,0.000,0,0.000,0,0.000
312.000,0,0.000,0,0.000,648,1535432.000,392636,205024.000,0,0.000,0,0.000,0,0.000
313.000,0,0.000,0,0.000,645,2902792.000,392827,147424.000,0,0.000,0,0.000,0,0.000
314.000,0,0.000,0,0.000,647,1268096.000,393130,226832.000,0,0.000,0,0.000,0,0.000
315.000,0,0.000,0,0.000,644,560032.000,393605,293992.000,0,0.000,0,0.000,0,0.000
316.000,0,0.000,0,0.000,644,475888.000,394065,275904.000,0,0.000,0,0.000,0,0.000
317.000,0,0.000,0,0.000,646,2238200.000,394314,150624.000,0,0.000,0,0.000,0,0.000
318.000,0,0.000,0,0.000,644,3015192.000,394490,107032.000,0,0.000,0,0.000,0,0.000
319.000,0,0.000,0,0.000,644,1418176.000,394808,187560.000,0,0.000,0,0.000,0,0.000
320.000,0,0.000,0,0.000,643,1654776.000,395078,157344.000,0,0.000,0,0.000,0,0.000
321.000,0,0.000,0,0.000,645,2530808.000,395260,127744.000,0,0.000,0,0.000,0,0.000
322.000,0,0.000,0,0.000,643,2496392.000,395440,139160.000,0,0.000,0,0.000,0,0.000
323.000,0,0.000,0,0.000,643,1100384.000,395704,171800.000,0,0.000,0,0.000,0,0.000
324.000,0,0.000,0,0.000,644,1718488.000,395960,223112.000,0,0.000,0,0.000,0,0.000
325.000,0,0.000,0,0.000,645,2508608.000,396161,181840.000,0,0.000,0,0.000,0,0.000
326.000,0,0.000,0,0.000,12632,120208448.000,408399,118978304.000,0,0.000,0,0.000,0,0.000
327.000,0,0.000,0,0.000,15204,142589480.000,423245,141504888.000,0,0.000,0,0.000,0,0.000
328.000,0,0.000,0,0.000,14937,142105904.000,437783,140363336.000,0,0.000,0,0.000,0,0.000
329.000,0,0.000,0,0.000,14120,136000048.000,451495,134102016.000,0,0.000,0,0.000,0,0.000
330.000,0,0.000,0,0.000,14602,141446456.000,465750,140734464.000,0,0.000,0,0.000,0,0.000
331.000,0,0.000,0,0.000,14399,141794176.000,479662,138798688.000,0,0.000,0,0.000,0,0.000
332.000,0,0.000,0,0.000,14596,139171728.000,493865,137899656.000,0,0.000,0,0.000,0,0.000
333.000,0,0.000,0,0.000,14981,141661792.000,508508,140603928.000,0,0.000,0,0.000,0,0.000
334.000,0,0.000,0,0.000,14558,143856768.000,522570,141029872.000,0,0.000,0,0.000,0,0.000
335.000,0,0.000,0,0.000,14252,137388704.000,536437,136123224.000,0,0.000,0,0.000,0,0.000
336.000,0,0.000,0,0.000,14643,144001952.000,550643,141637624.000,0,0.000,0,0.000,0,0.000
337.000,0,0.000,0,0.000,14899,145126744.000,564999,141682440.000,0,0.000,0,0.000,0,0.000
338.000,0,0.000,0,0.000,15173,142376288.000,579782,141243016.000,0,0.000,0,0.000,0,0.000
339.000,0,0.000,0,0.000,14976,141973928.000,594372,140761608.000,0,0.000,0,0.000,0,0.000
340.000,0,0.000,0,0.000,14119,135959032.000,608084,134040736.000,0,0.000,0,0.000,0,0.000
341.000,0,0.000,0,0.000,14544,142683000.000,622142,140131104.000,0,0.000,0,0.000,0,0.000
342.000,0,0.000,0,0.000,14427,140099328.000,636186,139012880.000,0,0.000,0,0.000,0,0.000
343.000,0,0.000,0,0.000,14595,139341192.000,650396,137873032.000,0,0.000,0,0.000,0,0.000
344.000,0,0.000,0,0.000,14988,142341496.000,664952,140562752.000,0,0.000,0,0.000,0,0.000
345.000,0,0.000,0,0.000,14546,143396848.000,679031,140902944.000,0,0.000,0,0.000,0,0.000
346.000,0,0.000,0,0.000,14300,137710528.000,693000,136762088.000,0,0.000,0,0.000,0,0.000
347.000,0,0.000,0,0.000,14720,143884464.000,707360,142473064.000,0,0.000,0,0.000,0,0.000
348.000,0,0.000,0,0.000,2900,24894832.000,709798,22768928.000,0,0.000,0,0.000,0,0.000
349.000,0,0.000,0,0.000,645,3805832.000,709909,79384.000,0,0.000,0,0.000,0,0.000
350.000,0,0.000,0,0.000,643,1889504.000,710142,143960.000,0,0.000,0,0.000,0,0.000
351.000,0,0.000,0,0.000,643,1279096.000,710445,203520.000,0,0.000,0,0.000,0,0.000
352.000,0,0.000,0,0.000,645,2074072.000,710672,157368.000,0,0.000,0,0.000,0,0.000
353.000,0,0.000,0,0.000,643,1993368.000,710905,149968.000,0,0.000,0,0.000,0,0.000
354.000,0,0.000,0,0.000,645,1496776.000,711178,173552.000,0,0.000,0,0.000,0,0.000
355.000,0,0.000,0,0.000,643,2054016.000,711425,169376.000,0,0.000,0,0.000,0,0.000
356.000,0,0.000,0,0.000,643,3050944.000,711583,101000.000,0,0.000,0,0.000,0,0.000
357.000,0,0.000,0,0.000,645,1446104.000,711881,298176.000,0,0.000,0,0.000,0,0.000
358.000,0,0.000,0,0.000,643,1568088.000,712159,242896.000,0,0.000,0,0.000,0,0.000
359.000,0,0.000,0,0.000,643,1761528.000,712418,199472.000,0,0.000,0,0.000,0,0.000
360.000,0,0.000,0,0.000,643,2037312.000,712669,166848.000,0,0.000,0,0.000,0,0.000
361.000,0,0.000,0,0.000,645,1037504.000,713005,217648.000,0,0.000,0,0.000,0,0.000
362.000,0,0.000,0,0.000,643,537944.000,713417,261792.000,0,0.000,0,0.000,0,0.000
363.000,0,0.000,0,0.000,643,470024.000,713876,289952.000,0,0.000,0,0.000,0,0.000
364.000,0,0.000,0,0.000,643,490328.000,714311,270056.000,0,0.000,0,0.000,0,0.000
365.000,0,0.000,0,0.000,645,550000.000,714749,299184.000,0,0.000,0,0.000,0,0.000
366.000,0,0.000,0,0.000,643,498608.000,715170,258624.000,0,0.000,0,0.000,0,0.000
367.000,0,0.000,0,0.000,643,1253400.000,715478,199400.000,0,0.000,0,0.000,0,0.000
368.000,0,0.000,0,0.000,645,3818600.000,715580,76040.000,0,0.000,0,0.000,0,0.000
369.000,0,0.000,0,0.000,644,1443664.000,715839,174240.000,0,0.000,0,0.000,0,0.000
370.000,0,0.000,0,0.000,645,1936384.000,716064,152848.000,0,0.000,0,0.000,0,0.000
371.000,0,0.000,0,0.000,643,3530864.000,716199,83864.000,0,0.000,0,0.000,0,0.000
372.000,0,0.000,0,0.000,643,3725792.000,716298,64432.000,0,0.000,0,0.000,0,0.000
373.000,0,0.000,0,0.000,643,1152792.000,716575,175768.000,0,0.000,0,0.000,0,0.000
374.000,0,0.000,0,0.000,645,1605120.000,716867,242496.000,0,0.000,0,0.000,0,0.000
375.000,0,0.000,0,0.000,643,3304960.000,717005,105288.000,0,0.000,0,0.000,0,0.000
376.000,0,0.000,0,0.000,643,1890128.000,717269,191808.000,0,0.000,0,0.000,0,0.000
377.000,0,0.000,0,0.000,645,1334320.000,717583,223936.000,0,0.000,0,0.000,0,0.000
378.000,0,0.000,0,0.000,643,1884904.000,717835,163880.000,0,0.000,0,0.000,0,0.000
379.000,0,0.000,0,0.000,643,2628280.000,717988,93792.000,0,0.000,0,0.000,0,0.000
380.000,0,0.000,0,0.000,645,966848.000,718325,235160.000,0,0.000,0,0.000,0,0.000
381.000,0,0.000,0,0.000,643,1897960.000,718586,170264.000,0,0.000,0,0.000,0,0.000
382.000,0,0.000,0,0.000,643,2554056.000,718779,127880.000,0,0.000,0,0.000,0,0.000
383.000,0,0.000,0,0.000,643,2595224.000,718896,103560.000,0,0.000,0,0.000,0,0.000
384.000,0,0.000,0,0.000,643,1853512.000,719070,247136.000,0,0.000,0,0.000,0,0.000
385.000,0,0.000,0,0.000,645,3587152.000,719122,87040.000,0,0.000,0,0.000,0,0.000
386.000,0,0.000,0,0.000,643,1834616.000,719211,125848.000,0,0.000,0,0.000,0,0.000
387.000,0,0.000,0,0.000,645,2399976.000,719335,120168.000,0,0.000,0,0.000,0,0.000
388.000,0,0.000,0,0.000,643,3626560.000,719386,45712.000,0,0.000,0,0.000,0,0.000
389.000,0,0.000,0,0.000,643,1738224.000,719515,132912.000,0,0.000,0,0.000,0,0.000
390.000,0,0.000,0,0.000,643,3119352.000,719619,103472.000,0,0.000,0,0.000,0,0.000
391.000,0,0.000,0,0.000,645,2495808.000,719680,84296.000,0,0.000,0,0.000,0,0.000
392.000,0,0.000,0,0.000,643,2991448.000,719788,113168.000,0,0.000,0,0.000,0,0.000
393.000,0,0.000,0,0.000,645,2777904.000,719850,79720.000,0,0.000,0,0.000,0,0.000
394.000,0,0.000,0,0.000,643,2855632.000,719961,116792.000,0,0.000,0,0.000,0,0.000
395.000,0,0.000,0,0.000,643,3601080.000,720003,58056.000,0,0.000,0,0.000,0,0.000
396.000,0,0.000,0,0.000,643,2494936.000,720057,74992.000,0,0.000,0,0.000,0,0.000
397.000,0,0.000,0,0.000,645,2539584.000,720199,241392.000,0,0.000,0,0.000,0,0.000
398.000,0,0.000,0,0.000,645,3890328.000,720233,83768.000,0,0.000,0,0.000,0,0.000
399.000,0,0.000,0,0.000,643,2225736.000,720355,217144.000,0,0.000,0,0.000,0,0.000
400.000,0,0.000,0,0.000,643,3541976.000,720435,68208.000,0,0.000,0,0.000,0,0.000
401.000,2,1184.000,0,0.000,643,2866272.000,720510,86272.000,0,0.000,0,0.000,0,0.000
402.000,0,0.000,0,0.000,643,828816.000,720700,219248.000,0,0.000,0,0.000,0,0.000
403.000,0,0.000,0,0.000,645,4124336.000,720721,30936.000,0,0.000,0,0.000,0,0.000
404.000,0,0.000,0,0.000,643,2975448.000,720779,98856.000,0,0.000,0,0.000,0,0.000
405.000,0,0.000,0,0.000,643,3337032.000,720880,142792.000,0,0.000,0,0.000,0,0.000
406.000,0,0.000,0,0.000,645,1939456.000,720980,167008.000,0,0.000,0,0.000,0,0.000
407.000,0,0.000,0,0.000,643,3002464.000,721040,84312.000,0,0.000,0,0.000,0,0.000
408.000,0,0.000,0,0.000,643,2674408.000,721125,81896.000,0,0.000,0,0.000,0,0.000
409.000,0,0.000,0,0.000,643,2631240.000,721197,85808.000,0,0.000,0,0.000,0,0.000
410.000,0,0.000,0,0.000,645,3096640.000,721288,80680.000,0,0.000,0,0.000,0,0.000
411.000,0,0.000,0,0.000,643,2284416.000,721387,107272.000,0,0.000,0,0.000,0,0.000
412.000,0,0.000,0,0.000,645,948896.000,721575,199208.000,0,0.000,0,0.000,0,0.000
413.000,0,0.000,0,0.000,643,2379744.000,721717,150472.000,0,0.000,0,0.000,0,0.000
414.000,0,0.000,0,0.000,643,4697384.000,721726,13160.000,0,0.000,0,0.000,0,0.000
415.000,0,0.000,0,0.000,645,2351016.000,721811,125816.000,0,0.000,0,0.000,0,0.000
416.000,0,0.000,0,0.000,643,3627368.000,721858,73424.000,0,0.000,0,0.000,0,0.000
417.000,0,0.000,0,0.000,643,2505072.000,722000,148712.000,0,0.000,0,0.000,0,0.000
418.000,0,0.000,0,0.000,643,2834240.000,722092,161024.000,0,0.000,0,0.000,0,0.000
419.000,0,0.000,0,0.000,643,3856792.000,722143,53624.000,0,0.000,0,0.000,0,0.000
420.000,0,0.000,0,0.000,645,2453960.000,722245,103040.000,0,0.000,0,0.000,0,0.000
421.000,0,0.000,0,0.000,643,3334640.000,722300,54704.000,0,0.000,0,0.000,0,0.000
422.000,0,0.000,0,0.000,645,1969528.000,722438,139536.000,0,0.000,0,0.000,0,0.000
423.000,0,0.000,0,0.000,643,2631608.000,722501,93360.000,0,0.000,0,0.000,0,0.000
424.000,0,0.000,0,0.000,643,2573656.000,722654,231552.000,0,0.000,0,0.000,0,0.000
425.000,0,0.000,0,0.000,643,833552.000,722876,350696.000,0,0.000,0,0.000,0,0.000
426.000,0,0.000,0,0.000,645,2895696.000,722970,118048.000,0,0.000,0,0.000,0,0.000
427.000,0,0.000,0,0.000,645,2449152.000,723084,108776.000,0,0.000,0,0.000,0,0.000
428.000,0,0.000,0,0.000,643,3012128.000,723154,91760.000,0,0.000,0,0.000,0,0.000
429.000,0,0.000,0,0.000,643,3829808.000,723182,33616.000,0,0.000,0,0.000,0,0.000
430.000,0,0.000,0,0.000,644,1909312.000,723311,119672.000,0,0.000,0,0.000,0,0.000
431.000,0,0.000,0,0.000,644,2752776.000,723385,98696.000,0,0.000,0,0.000,0,0.000
432.000,0,0.000,0,0.000,646,3109920.000,723427,70712.000,0,0.000,0,0.000,0,0.000
433.000,0,0.000,0,0.000,643,2202480.000,723564,141224.000,0,0.000,0,0.000,0,0.000
434.000,0,0.000,0,0.000,604,3575088.000,723589,37744.000,0,0.000,0,0.000,0,0.000
435.000,0,0.000,0,0.000,477,1573104.000,723663,68264.000,0,0.000,0,0.000,0,0.000
436.000,0,0.000,0,0.000,487,2449816.000,723719,102640.000,0,0.000,0,0.000,0,0.000
437.000,0,0.000,0,0.000,471,2137488.000,723774,81224.000,0,0.000,0,0.000,0,0.000
438.000,0,0.000,0,0.000,479,2183544.000,723834,52776.000,0,0.000,0,0.000,0,0.000
439.000,0,0.000,0,0.000,486,3033112.000,723851,25256.000,0,0.000,0,0.000,0,0.000
440.000,0,0.000,0,0.000,461,1128392.000,723970,121464.000,0,0.000,0,0.000,0,0.000
441.000,0,0.000,0,0.000,483,2711712.000,723997,31384.000,0,0.000,0,0.000,0,0.000
442.000,0,0.000,0,0.000,461,1615848.000,724088,138160.000,0,0.000,0,0.000,0,0.000
443.000,0,0.000,0,0.000,480,2422512.000,724128,81288.000,0,0.000,0,0.000,0,0.000
444.000,0,0.000,0,0.000,476,1651576.000,724187,107520.000,0,0.000,0,0.000,0,0.000
445.000,0,0.000,0,0.000,484,1690344.000,724280,120648.000,0,0.000,0,0.000,0,0.000
446.000,0,0.000,0,0.000,480,3183264.000,724300,19552.000,0,0.000,0,0.000,0,0.000
447.000,0,0.000,0,0.000,465,1758600.000,724373,89008.000,0,0.000,0,0.000,0,0.000
448.000,0,0.000,0,0.000,494,2357608.000,724458,91616.000,0,0.000,0,0.000,0,0.000
449.000,0,0.000,0,0.000,467,1882944.000,724502,92992.000,0,0.000,0,0.000,0,0.000
450.000,0,0.000,0,0.000,473,2033520.000,724568,57952.000,0,0.000,0,0.000,0,0.000
451.000,0,0.000,0,0.000,467,2537736.000,724603,45520.000,0,0.000,0,0.000,0,0.000
452.000,0,0.000,0,0.000,469,1900568.000,724642,50336.000,0,0.000,0,0.000,0,0.000
453.000,0,0.000,0,0.000,478,2009904.000,724718,75464.000,0,0.000,0,0.000,0,0.000
454.000,0,0.000,0,0.000,465,599600.000,724894,238256.000,0,0.000,0,0.000,0,0.000
455.000,0,0.000,0,0.000,456,745744.000,725056,208848.000,0,0.000,0,0.000,0,0.000
456.000,0,0.000,0,0.000,474,2020392.000,725159,109616.000,0,0.000,0,0.000,0,0.000
457.000,0,0.000,0,0.000,463,1831280.000,725195,43936.000,0,0.000,0,0.000,0,0.000
458.000,0,0.000,0,0.000,476,1818312.000,725227,38016.000,0,0.000,0,0.000,0,0.000
459.000,0,0.000,0,0.000,475,2328808.000,725303,106472.000,0,0.000,0,0.000,0,0.000
460.000,0,0.000,0,0.000,476,1671688.000,725389,166472.000,0,0.000,0,0.000,0,0.000
461.000,0,0.000,0,0.000,484,2639600.000,725419,42832.000,0,0.000,0,0.000,0,0.000
462.000,0,0.000,0,0.000,488,2372592.000,725488,64968.000,0,0.000,0,0.000,0,0.000
463.000,0,0.000,0,0.000,475,1894312.000,725547,79344.000,0,0.000,0,0.000,0,0.000
464.000,0,0.000,0,0.000,480,1835544.000,725627,105968.000,0,0.000,0,0.000,0,0.000
465.000,0,0.000,0,0.000,456,1141848.000,725717,121000.000,0,0.000,0,0.000,0,0.000
466.000,0,0.000,0,0.000,478,2963208.000,725762,30456.000,0,0.000,0,0.000,0,0.000
467.000,1,592.000,0,0.000,403,2514408.000,725785,27744.000,0,0.000,0,0.000,0,0.000
468.000,0,0.000,0,0.000,321,1400008.000,725804,26832.000,0,0.000,0,0.000,0,0.000
469.000,0,0.000,0,0.000,324,1672272.000,725843,31080.000,0,0.000,0,0.000,0,0.000
470.000,0,0.000,0,0.000,319,1139088.000,725888,56432.000,0,0.000,0,0.000,0,0.000
471.000,0,0.000,0,0.000,320,1596440.000,725932,46600.000,0,0.000,0,0.000,0,0.000
472.000,0,0.000,0,0.000,309,1690248.000,725960,27272.000,0,0.000,0,0.000,0,0.000
473.000,0,0.000,0,0.000,309,1523272.000,726005,89600.000,0,0.000,0,0.000,0,0.000
474.000,0,0.000,0,0.000,312,1479376.000,726045,34256.000,0,0.000,0,0.000,0,0.000
475.000,0,0.000,0,0.000,319,1460568.000,726084,48168.000,0,0.000,0,0.000,0,0.000
476.000,0,0.000,0,0.000,318,1832152.000,726103,24392.000,0,0.000,0,0.000,0,0.000
477.000,0,0.000,0,0.000,331,1262048.000,726164,58568.000,0,0.000,0,0.000,0,0.000
478.000,0,0.000,0,0.000,324,1766000.000,726178,19560.000,0,0.000,0,0.000,0,0.000
479.000,0,0.000,0,0.000,301,986416.000,726253,92136.000,0,0.000,0,0.000,0,0.000
480.000,0,0.000,0,0.000,325,1502928.000,726314,86872.000,0,0.000,0,0.000,0,0.000
481.000,0,0.000,0,0.000,314,1493000.000,726352,47448.000,0,0.000,0,0.000,0,0.000
482.000,0,0.000,0,0.000,320,1279336.000,726403,47256.000,0,0.000,0,0.000,0,0.000
483.000,0,0.000,0,0.000,321,1927248.000,726426,34032.000,0,0.000,0,0.000,0,0.000
484.000,0,0.000,0,0.000,314,1218920.000,726454,38192.000,0,0.000,0,0.000,0,0.000
485.000,0,0.000,0,0.000,311,1300992.000,726504,47808.000,0,0.000,0,0.000,0,0.000
486.000,0,0.000,0,0.000,329,1993184.000,726508,6368.000,0,0.000,0,0.000,0,0.000
487.000,0,0.000,0,0.000,308,1160760.000,726564,59768.000,0,0.000,0,0.000,0,0.000
488.000,0,0.000,0,0.000,317,1451968.000,726590,30856.000,0,0.000,0,0.000,0,0.000
489.000,0,0.000,0,0.000,320,1202896.000,726620,39944.000,0,0.000,0,0.000,0,0.000
490.000,0,0.000,0,0.000,297,609472.000,726687,63120.000,0,0.000,0,0.000,0,0.000
491.000,0,0.000,0,0.000,318,1514352.000,726722,50864.000,0,0.000,0,0.000,0,0.000
492.000,0,0.000,0,0.000,315,1209744.000,726771,53760.000,0,0.000,0,0.000,0,0.000
493.000,0,0.000,0,0.000,321,1466352.000,726814,71648.000,0,0.000,0,0.000,0,0.000
494.000,0,0.000,0,0.000,314,1039232.000,726854,75384.000,0,0.000,0,0.000,0,0.000
495.000,0,0.000,0,0.000,311,1477368.000,726904,50368.000,0,0.000,0,0.000,0,0.000
496.000,0,0.000,0,0.000,311,1857360.000,726914,20000.000,0,0.000,0,0.000,0,0.000
497.000,0,0.000,0,0.000,317,1438944.000,726969,53048.000,0,0.000,0,0.000,0,0.000
498.000,0,0.000,0,0.000,320,1998000.000,726987,24272.000,0,0.000,0,0.000,0,0.000
499.000,0,0.000,0,0.000,312,1387544.000,727014,38504.000,0,0.000,0,0.000,0,0.000
500.000,0,0.000,0,0.000,317,1546080.000,727075,97080.000,0,0.000,0,0.000,0,0.000
501.000,0,0.000,0,0.000,317,1932728.000,727104,43456.000,0,0.000,0,0.000,0,0.000
502.000,0,0.000,0,0.000,313,1045928.000,727158,79168.000,0,0.000,0,0.000,0,0.000
503.000,0,0.000,0,0.000,322,1604800.000,727201,39256.000,0,0.000,0,0.000,0,0.000
504.000,0,0.000,0,0.000,321,1972128.000,727218,19392.000,0,0.000,0,0.000,0,0.000
505.000,0,0.000,0,0.000,317,1274336.000,727270,62424.000,0,0.000,0,0.000,0,0.000
506.000,0,0.000,0,0.000,324,1677224.000,727305,32504.000,0,0.000,0,0.000,0,0.000
507.000,0,0.000,0,0.000,319,535592.000,727380,74600.000,0,0.000,0,0.000,0,0.000
508.000,0,0.000,0,0.000,323,2051112.000,727389,11664.000,0,0.000,0,0.000,0,0.000
509.000,0,0.000,0,0.000,320,1337720.000,727430,48544.000,0,0.000,0,0.000,0,0.000
510.000,0,0.000,0,0.000,297,551240.000,727504,74248.000,0,0.000,0,0.000,0,0.000
511.000,0,0.000,0,0.000,310,1188616.000,727568,69288.000,0,0.000,0,0.000,0,0.000
512.000,0,0.000,0,0.000,319,1630544.000,727588,38768.000,0,0.000,0,0.000,0,0.000
513.000,0,0.000,0,0.000,314,1378304.000,727632,79016.000,0,0.000,0,0.000,0,0.000
514.000,0,0.000,0,0.000,329,1610384.000,727675,35240.000,0,0.000,0,0.000,0,0.000
515.000,0,0.000,0,0.000,320,1146096.000,727709,46960.000,0,0.000,0,0.000,0,0.000
516.000,0,0.000,0,0.000,311,657608.000,727787,72728.000,0,0.000,0,0.000,0,0.000
517.000,1,888.000,0,0.000,322,1410504.000,727815,36576.000,0,0.000,0,0.000,0,0.000
518.000,1,888.000,0,0.000,314,1625416.000,727835,35824.000,0,0.000,0,0.000,0,0.000
519.000,0,0.000,0,0.000,303,1081928.000,727899,112912.000,0,0.000,0,0.000,0,0.000
520.000,0,0.000,0,0.000,314,1410896.000,727937,55104.000,0,0.000,0,0.000,0,0.000
521.000,0,0.000,0,0.000,322,1381640.000,727974,36832.000,0,0.000,0,0.000,0,0.000
522.000,2,1776.000,0,0.000,314,1066264.000,728012,44512.000,0,0.000,0,0.000,0,0.000
523.000,0,0.000,0,0.000,332,1710552.000,728024,21256.000,0,0.000,0,0.000,0,0.000
524.000,0,0.000,0,0.000,317,1072696.000,728095,69784.000,0,0.000,0,0.000,0,0.000
525.000,0,0.000,0,0.000,320,1573176.000,728126,37536.000,0,0.000,0,0.000,0,0.000
526.000,0,0.000,0,0.000,318,1523896.000,728137,14952.000,0,0.000,0,0.000,0,0.000
527.000,0,0.000,0,0.000,286,1155448.000,728187,48016.000,0,0.000,0,0.000,0,0.000
528.000,0,0.000,0,0.000,306,1251824.000,728208,28592.000,0,0.000,0,0.000,0,0.000
529.000,0,0.000,0,0.000,316,1614064.000,728223,23936.000,0,0.000,0,0.000,0,0.000
530.000,0,0.000,0,0.000,312,1209032.000,728275,49968.000,0,0.000,0,0.000,0,0.000
531.000,0,0.000,0,0.000,319,2006376.000,728295,23688.000,0,0.000,0,0.000,0,0.000
532.000,0,0.000,0,0.000,321,1742512.000,728306,16344.000,0,0.000,0,0.000,0,0.000
533.000,0,0.000,0,0.000,297,831456.000,728379,81856.000,0,0.000,0,0.000,0,0.000
534.000,0,0.000,0,0.000,322,1371112.000,728421,71544.000,0,0.000,0,0.000,0,0.000
535.000,0,0.000,0,0.000,316,1007176.000,728485,71048.000,0,0.000,0,0.000,0,0.000
536.000,0,0.000,0,0.000,323,1069808.000,728512,38376.000,0,0.000,0,0.000,0,0.000
537.000,0,0.000,0,0.000,301,361488.000,728634,144768.000,0,0.000,0,0.000,0,0.000
538.000,0,0.000,0,0.000,299,654224.000,728734,162976.000,0,0.000,0,0.000,0,0.000
539.000,0,0.000,0,0.000,305,910968.000,728811,162336.000,0,0.000,0,0.000,0,0.000
540.000,0,0.000,0,0.000,320,638744.000,728915,132360.000,0,0.000,0,0.000,0,0.000
541.000,0,0.000,0,0.000,317,1458800.000,728958,47816.000,0,0.000,0,0.000,0,0.000
542.000,0,0.000,0,0.000,314,1378504.000,728993,33808.000,0,0.000,0,0.000,0,0.000
543.000,0,0.000,0,0.000,311,1534160.000,729012,24776.000,0,0.000,0,0.000,0,0.000
544.000,0,0.000,0,0.000,309,1294480.000,729063,48136.000,0,0.000,0,0.000,0,0.000
545.000,0,0.000,0,0.000,307,1425496.000,729082,28544.000,0,0.000,0,0.000,0,0.000
546.000,0,0.000,0,0.000,319,1208824.000,729116,34944.000,0,0.000,0,0.000,0,0.000
547.000,0,0.000,0,0.000,314,1752608.000,729142,25872.000,0,0.000,0,0.000,0,0.000
548.000,0,0.000,0,0.000,301,1068280.000,729193,93504.000,0,0.000,0,0.000,0,0.000
549.000,0,0.000,0,0.000,297,785424.000,729256,71624.000,0,0.000,0,0.000,0,0.000
550.000,0,0.000,0,0.000,326,2373008.000,729257,1744.000,0,0.000,0,0.000,0,0.000
551.000,0,0.000,0,0.000,315,2091584.000,729260,4496.000,0,0.000,0,0.000,0,0.000
552.000,0,0.000,0,0.000,322,1065768.000,729320,60248.000,0,0.000,0,0.000,0,0.000
553.000,0,0.000,0,0.000,323,1470544.000,729347,37424.000,0,0.000,0,0.000,0,0.000
554.000,0,0.000,0,0.000,309,1082896.000,729427,122416.000,0,0.000,0,0.000,0,0.000
555.000,0,0.000,0,0.000,315,1815248.000,729448,46840.000,0,0.000,0,0.000,0,0.000
556.000,0,0.000,0,0.000,312,960688.000,729501,96112.000,0,0.000,0,0.000,0,0.000
557.000,0,0.000,0,0.000,307,1612768.000,729541,30432.000,0,0.000,0,0.000,0,0.000
558.000,0,0.000,0,0.000,312,1320936.000,729572,32456.000,0,0.000,0,0.000,0,0.000
559.000,0,0.000,0,0.000,315,1166960.000,729617,51960.000,0,0.000,0,0.000,0,0.000
560.000,0,0.000,0,0.000,326,2093368.000,729648,21464.000,0,0.000,0,0.000,0,0.000
561.000,0,0.000,0,0.000,323,1106504.000,729698,68984.000,0,0.000,0,0.000,0,0.000
562.000,0,0.000,0,0.000,335,1786784.000,729734,30184.000,0,0.000,0,0.000,0,0.000
563.000,0,0.000,0,0.000,302,1106560.000,729764,39760.000,0,0.000,0,0.000,0,0.000
564.000,0,0.000,0,0.000,318,1554688.000,729784,25360.000,0,0.000,0,0.000,0,0.000
565.000,1,592.000,0,0.000,233,1233560.000,729811,33304.000,0,0.000,0,0.000,0,0.000
566.000,0,0.000,0,0.000,244,1129744.000,729832,31920.000,0,0.000,0,0.000,0,0.000
567.000,0,0.000,0,0.000,250,1438464.000,729860,42632.000,0,0.000,0,0.000,0,0.000
568.000,0,0.000,0,0.000,248,638400.000,729921,83120.000,0,0.000,0,0.000,0,0.000
569.000,0,0.000,0,0.000,239,908072.000,729958,58272.000,0,0.000,0,0.000,0,0.000
570.000,0,0.000,0,0.000,258,1544688.000,729974,25472.000,0,0.000,0,0.000,0,0.000
571.000,0,0.000,0,0.000,253,1310376.000,729993,37480.000,0,0.000,0,0.000,0,0.000
572.000,0,0.000,0,0.000,222,603096.000,730030,33888.000,0,0.000,0,0.000,0,0.000
573.000,0,0.000,0,0.000,247,1114000.000,730057,30096.000,0,0.000,0,0.000,0,0.000
574.000,0,0.000,0,0.000,252,1421872.000,730066,11472.000,0,0.000,0,0.000,0,0.000
575.000,0,0.000,0,0.000,259,762640.000,730129,54800.000,0,0.000,0,0.000,0,0.000
576.000,0,0.000,0,0.000,237,303984.000,730182,62680.000,0,0.000,0,0.000,0,0.000
577.000,0,0.000,0,0.000,253,1090296.000,730222,37504.000,0,0.000,0,0.000,0,0.000
578.000,0,0.000,0,0.000,244,1442848.000,730234,12424.000,0,0.000,0,0.000,0,0.000
579.000,0,0.000,0,0.000,254,801856.000,730288,48536.000,0,0.000,0,0.000,0,0.000
580.000,0,0.000,0,0.000,259,1242440.000,730314,32248.000,0,0.000,0,0.000,0,0.000
581.000,0,0.000,0,0.000,251,1522296.000,730322,9360.000,0,0.000,0,0.000,0,0.000
582.000,0,0.000,0,0.000,253,1197184.000,730339,25320.000,0,0.000,0,0.000,0,0.000
583.000,0,0.000,0,0.000,253,763624.000,730397,50384.000,0,0.000,0,0.000,0,0.000
584.000,0,0.000,0,0.000,251,1313888.000,730411,17664.000,0,0.000,0,0.000,0,0.000
585.000,0,0.000,0,0.000,248,1204864.000,730430,23952.000,0,0.000,0,0.000,0,0.000
586.000,0,0.000,0,0.000,247,714432.000,730476,36760.000,0,0.000,0,0.000,0,0.000
587.000,0,0.000,0,0.000,249,926352.000,730522,65928.000,0,0.000,0,0.000,0,0.000
588.000,0,0.000,0,0.000,243,1306904.000,730535,20792.000,0,0.000,0,0.000,0,0.000
589.000,0,0.000,0,0.000,256,1329032.000,730566,55840.000,0,0.000,0,0.000,0,0.000
590.000,0,0.000,0,0.000,229,741192.000,730598,37744.000,0,0.000,0,0.000,0,0.000
591.000,0,0.000,0,0.000,258,771296.000,730660,56720.000,0,0.000,0,0.000,0,0.000
592.000,0,0.000,0,0.000,245,1133656.000,730672,13816.000,0,0.000,0,0.000,0,0.000
593.000,0,0.000,0,0.000,247,1041208.000,730704,34760.000,0,0.000,0,0.000,0,0.000
594.000,0,0.000,0,0.000,271,1111584.000,730724,19304.000,0,0.000,0,0.000,0,0.000
595.000,0,0.000,0,0.000,252,929288.000,730771,35224.000,0,0.000,0,0.000,0,0.000
596.000,0,0.000,0,0.000,257,1337160.000,730794,28968.000,0,0.000,0,0.000,0,0.000
597.000,0,0.000,0,0.000,259,1411216.000,730806,14848.000,0,0.000,0,0.000,0,0.000
598.000,0,0.000,0,0.000,245,626680.000,730861,89272.000,0,0.000,0,0.000,0,0.000
599.000,0,0.000,0,0.000,244,438136.000,730930,102736.000,0,0.000,0,0.000,0,0.000
600.000,0,0.000,0,0.000,255,1464048.000,730949,28488.000,0,0.000,0,0.000,0,0.000
601.000,0,0.000,0,0.000,254,1030912.000,730966,26376.000,0,0.000,0,0.000,0,0.000
602.000,0,0.000,0,0.000,253,750024.000,731033,58896.000,0,0.000,0,0.000,0,0.000
603.000,0,0.000,0,0.000,248,1268664.000,731058,31976.000,0,0.000,0,0.000,0,0.000
604.000,0,0.000,0,0.000,245,1344832.000,731076,17400.000,0,0.000,0,0.000,0,0.000
605.000,0,0.000,0,0.000,246,714936.000,731106,41960.000,0,0.000,0,0.000,0,0.000
606.000,0,0.000,0,0.000,239,870768.000,731150,44984.000,0,0.000,0,0.000,0,0.000
607.000,0,0.000,0,0.000,253,1289792.000,731165,15208.000,0,0.000,0,0.000,0,0.000
608.000,0,0.000,0,0.000,252,893688.000,731181,22696.000,0,0.000,0,0.000,0,0.000
609.000,0,0.000,0,0.000,246,886872.000,731217,32216.000,0,0.000,0,0.000,0,0.000
610.000,0,0.000,0,0.000,249,1095040.000,731251,29456.000,0,0.000,0,0.000,0,0.000
611.000,0,0.000,0,0.000,244,1134752.000,731270,20608.000,0,0.000,0,0.000,0,0.000
612.000,0,0.000,0,0.000,252,801136.000,731305,41120.000,0,0.000,0,0.000,0,0.000
613.000,0,0.000,0,0.000,243,880768.000,731345,36064.000,0,0.000,0,0.000,0,0.000
614.000,0,0.000,0,0.000,258,1487928.000,731359,15576.000,0,0.000,0,0.000,0,0.000
615.000,0,0.000,0,0.000,251,1359960.000,731374,14120.000,0,0.000,0,0.000,0,0.000
616.000,0,0.000,0,0.000,246,781640.000,731411,48328.000,0,0.000,0,0.000,0,0.000
617.000,0,0.000,0,0.000,237,760920.000,731454,41128.000,0,0.000,0,0.000,0,0.000
618.000,0,0.000,0,0.000,239,1241648.000,731478,35216.000,0,0.000,0,0.000,0,0.000
619.000,0,0.000,0,0.000,256,904800.000,731517,81264.000,0,0.000,0,0.000,0,0.000
620.000,0,0.000,0,0.000,238,780120.000,731549,41256.000,0,0.000,0,0.000,0,0.000
621.000,0,0.000,0,0.000,252,270056.000,731617,64968.000,0,0.000,0,0.000,0,0.000
622.000,0,0.000,0,0.000,236,263120.000,731663,50504.000,0,0.000,0,0.000,0,0.000
623.000,0,0.000,0,0.000,232,289360.000,731730,68720.000,0,0.000,0,0.000,0,0.000
624.000,0,0.000,0,0.000,247,519464.000,731807,105488.000,0,0.000,0,0.000,0,0.000
625.000,0,0.000,0,0.000,250,387976.000,731880,120288.000,0,0.000,0,0.000,0,0.000
626.000,0,0.000,0,0.000,242,239304.000,731963,74176.000,0,0.000,0,0.000,0,0.000
627.000,0,0.000,0,0.000,237,286072.000,732059,100760.000,0,0.000,0,0.000,0,0.000
628.000,0,0.000,0,0.000,251,1254080.000,732080,25784.000,0,0.000,0,0.000,0,0.000
629.000,0,0.000,0,0.000,249,768456.000,732104,32336.000,0,0.000,0,0.000,0,0.000
630.000,0,0.000,0,0.000,245,1059024.000,732123,24672.000,0,0.000,0,0.000,0,0.000
631.000,1,592.000,0,0.000,249,1182112.000,732156,21904.000,0,0.000,0,0.000,0,0.000
632.000,0,0.000,0,0.000,237,698152.000,732192,38784.000,0,0.000,0,0.000,0,0.000
633.000,0,0.000,0,0.000,250,397600.000,732253,57048.000,0,0.000,0,0.000,0,0.000
634.000,0,0.000,0,0.000,241,1564328.000,732268,15864.000,0,0.000,0,0.000,0,0.000
635.000,0,0.000,0,0.000,254,1417384.000,732276,7752.000,0,0.000,0,0.000,0,0.000
636.000,0,0.000,0,0.000,243,674856.000,732311,46216.000,0,0.000,0,0.000,0,0.000
637.000,0,0.000,0,0.000,251,981984.000,732331,26216.000,0,0.000,0,0.000,0,0.000
638.000,0,0.000,0,0.000,239,1198840.000,732356,48808.000,0,0.000,0,0.000,0,0.000
639.000,0,0.000,0,0.000,241,672064.000,732406,88712.000,0,0.000,0,0.000,0,0.000
640.000,0,0.000,0,0.000,250,827480.000,732452,80136.000,0,0.000,0,0.000,0,0.000
641.000,0,0.000,0,0.000,255,1220528.000,732477,44456.000,0,0.000,0,0.000,0,0.000
642.000,0,0.000,0,0.000,247,1087016.000,732519,29144.000,0,0.000,0,0.000,0,0.000
643.000,0,0.000,0,0.000,243,721672.000,732548,36416.000,0,0.000,0,0.000,0,0.000
644.000,0,0.000,0,0.000,256,859128.000,732580,37752.000,0,0.000,0,0.000,0,0.000
645.000,0,0.000,0,0.000,251,863640.000,732635,46864.000,0,0.000,0,0.000,0,0.000
646.000,0,0.000,0,0.000,247,1254720.000,732666,33736.000,0,0.000,0,0.000,0,0.000
647.000,0,0.000,0,0.000,244,1096440.000,732690,31304.000,0,0.000,0,0.000,0,0.000
648.000,0,0.000,0,0.000,245,1347528.000,732704,28064.000,0,0.000,0,0.000,0,0.000
649.000,0,0.000,0,0.000,241,975672.000,732751,69696.000,0,0.000,0,0.000,0,0.000
650.000,0,0.000,0,0.000,259,692048.000,732809,101336.000,0,0.000,0,0.000,0,0.000
651.000,0,0.000,0,0.000,251,1178664.000,732854,50240.000,0,0.000,0,0.000,0,0.000
652.000,0,0.000,0,0.000,255,1573048.000,732867,15432.000,0,0.000,0,0.000,0,0.000
653.000,0,0.000,0,0.000,250,861104.000,732912,35288.000,0,0.000,0,0.000,0,0.000
654.000,0,0.000,0,0.000,253,933448.000,732946,36080.000,0,0.000,0,0.000,0,0.000
655.000,0,0.000,0,0.000,251,1031576.000,732964,22184.000,0,0.000,0,0.000,0,0.000
656.000,0,0.000,0,0.000,245,1427264.000,732972,9296.000,0,0.000,0,0.000,0,0.000
657.000,0,0.000,0,0.000,222,601792.000,733031,55920.000,0,0.000,0,0.000,0,0.000
658.000,0,0.000,0,0.000,232,808008.000,733056,31696.000,0,0.000,0,0.000,0,0.000
659.000,0,0.000,0,0.000,248,1374928.000,733077,19456.000,0,0.000,0,0.000,0,0.000
660.000,0,0.000,0,0.000,256,1410440.000,733088,14472.000,0,0.000,0,0.000,0,0.000
661.000,0,0.000,0,0.000,243,578512.000,733132,36744.000,0,0.000,0,0.000,0,0.000
662.000,0,0.000,0,0.000,256,1112264.000,733163,34336.000,0,0.000,0,0.000,0,0.000
663.000,0,0.000,0,0.000,241,1247968.000,733185,27808.000,0,0.000,0,0.000,0,0.000
664.000,0,0.000,0,0.000,249,1508704.000,733191,7864.000,0,0.000,0,0.000,0,0.000
665.000,0,0.000,0,0.000,241,729584.000,733241,48016.000,0,0.000,0,0.000,0,0.000
666.000,0,0.000,0,0.000,244,1089272.000,733258,21192.000,0,0.000,0,0.000,0,0.000
667.000,0,0.000,0,0.000,252,1698960.000,733265,9264.000,0,0.000,0,0.000,0,0.000
668.000,0,0.000,0,0.000,242,630496.000,733310,45448.000,0,0.000,0,0.000,0,0.000
669.000,0,0.000,0,0.000,243,762776.000,733365,71520.000,0,0.000,0,0.000,0,0.000
670.000,0,0.000,0,0.000,261,1248856.000,733403,59432.000,0,0.000,0,0.000,0,0.000
671.000,0,0.000,0,0.000,258,1604448.000,733413,14088.000,0,0.000,0,0.000,0,0.000
672.000,0,0.000,0,0.000,239,699944.000,733450,54152.000,0,0.000,0,0.000,0,0.000
673.000,0,0.000,0,0.000,248,933336.000,733494,37816.000,0,0.000,0,0.000,0,0.000
674.000,0,0.000,0,0.000,251,978600.000,733522,40984.000,0,0.000,0,0.000,0,0.000
675.000,0,0.000,0,0.000,247,1499232.000,733528,8832.000,0,0.000,0,0.000,0,0.000
676.000,0,0.000,0,0.000,247,563272.000,733585,52808.000,0,0.000,0,0.000,0,0.000
677.000,0,0.000,0,0.000,248,1098960.000,733608,27352.000,0,0.000,0,0.000,0,0.000
678.000,0,0.000,0,0.000,253,1288792.000,733626,19696.000,0,0.000,0,0.000,0,0.000
679.000,0,0.000,0,0.000,239,665264.000,733664,53608.000,0,0.000,0,0.000,0,0.000
680.000,0,0.000,0,0.000,247,909672.000,733719,82040.000,0,0.000,0,0.000,0,0.000
681.000,0,0.000,0,0.000,241,843328.000,733753,56560.000,0,0.000,0,0.000,0,0.000
682.000,0,0.000,0,0.000,249,1031720.000,733780,41464.000,0,0.000,0,0.000,0,0.000
683.000,0,0.000,0,0.000,238,759992.000,733826,41512.000,0,0.000,0,0.000,0,0.000
684.000,0,0.000,0,0.000,250,1188840.000,733844,21160.000,0,0.000,0,0.000,0,0.000
685.000,0,0.000,0,0.000,242,1075128.000,733856,17232.000,0,0.000,0,0.000,0,0.000
686.000,0,0.000,0,0.000,235,706032.000,733882,28056.000,0,0.000,0,0.000,0,0.000
687.000,0,0.000,0,0.000,250,315240.000,733966,88512.000,0,0.000,0,0.000,0,0.000
688.000,0,0.000,0,0.000,252,1674600.000,733975,12624.000,0,0.000,0,0.000,0,0.000
689.000,0,0.000,0,0.000,250,1541576.000,733980,4208.000,0,0.000,0,0.000,0,0.000
690.000,0,0.000,0,0.000,240,689240.000,734023,45568.000,0,0.000,0,0.000,0,0.000
691.000,0,0.000,0,0.000,248,1182768.000,734044,19432.000,0,0.000,0,0.000,0,0.000
692.000,0,0.000,0,0.000,243,1434824.000,734057,15520.000,0,0.000,0,0.000,0,0.000
693.000,0,0.000,0,0.000,255,1319632.000,734072,18664.000,0,0.000,0,0.000,0,0.000
694.000,0,0.000,0,0.000,243,801392.000,734101,32576.000,0,0.000,0,0.000,0,0.000
695.000,0,0.000,0,0.000,244,892832.000,734150,39472.000,0,0.000,0,0.000,0,0.000
696.000,0,0.000,0,0.000,262,1843536.000,734160,9544.000,0,0.000,0,0.000,0,0.000
697.000,0,0.000,0,0.000,248,895128.000,734179,21024.000,0,0.000,0,0.000,0,0.000
698.000,0,0.000,0,0.000,252,842488.000,734213,38440.000,0,0.000,0,0.000,0,0.000
699.000,0,0.000,0,0.000,250,1024040.000,734256,31184.000,0,0.000,0,0.000,0,0.000
700.000,0,0.000,0,0.000,251,1239024.000,734278,45384.000,0,0.000,0,0.000,0,0.000
701.000,0,0.000,0,0.000,243,769360.000,734319,70984.000,0,0.000,0,0.000,0,0.000
702.000,0,0.000,0,0.000,257,843888.000,734373,48416.000,0,0.000,0,0.000,0,0.000
703.000,0,0.000,0,0.000,256,1427200.000,734387,18960.000,0,0.000,0,0.000,0,0.000
704.000,0,0.000,0,0.000,246,985528.000,734411,20464.000,0,0.000,0,0.000,0,0.000
705.000,0,0.000,0,0.000,244,945824.000,734437,32632.000,0,0.000,0,0.000,0,0.000
706.000,0,0.000,0,0.000,237,1112080.000,734468,24112.000,0,0.000,0,0.000,0,0.000
707.000,0,0.000,0,0.000,259,1447688.000,734483,14416.000,0,0.000,0,0.000,0,0.000
708.000,0,0.000,0,0.000,249,627568.000,734525,55040.000,0,0.000,0,0.000,0,0.000
709.000,0,0.000,0,0.000,241,1004112.000,734556,50976.000,0,0.000,0,0.000,0,0.000
710.000,0,0.000,0,0.000,245,1055512.000,734608,61912.000,0,0.000,0,0.000,0,0.000
711.000,0,0.000,0,0.000,248,925536.000,734643,58168.000,0,0.000,0,0.000,0,0.000
712.000,0,0.000,0,0.000,241,324536.000,734710,111280.000,0,0.000,0,0.000,0,0.000
713.000,0,0.000,0,0.000,252,1166248.000,734751,29456.000,0,0.000,0,0.000,0,0.000
714.000,0,0.000,0,0.000,250,1531984.000,734767,17560.000,0,0.000,0,0.000,0,0.000
715.000,0,0.000,0,0.000,244,1142792.000,734800,34696.000,0,0.000,0,0.000,0,0.000
716.000,0,0.000,0,0.000,241,976528.000,734821,22656.000,0,0.000,0,0.000,0,0.000
717.000,0,0.000,0,0.000,249,955024.000,734867,48504.000,0,0.000,0,0.000,0,0.000
718.000,0,0.000,0,0.000,245,1183840.000,734891,25384.000,0,0.000,0,0.000,0,0.000
719.000,0,0.000,0,0.000,242,723896.000,734924,40872.000,0,0.000,0,0.000,0,0.000
720.000,0,0.000,0,0.000,257,1143720.000,734953,33960.000,0,0.000,0,0.000,0,0.000
721.000,0,0.000,0,0.000,239,1321576.000,734972,14048.000,0,0.000,0,0.000,0,0.000
722.000,0,0.000,0,0.000,251,756664.000,735014,38992.000,0,0.000,0,0.000,0,0.000
723.000,0,0.000,0,0.000,241,962760.000,735032,23888.000,0,0.000,0,0.000,0,0.000
724.000,0,0.000,0,0.000,248,1104872.000,735045,12672.000,0,0.000,0,0.000,0,0.000
725.000,0,0.000,0,0.000,259,1397240.000,735084,33840.000,0,0.000,0,0.000,0,0.000
726.000,0,0.000,0,0.000,234,599800.000,735118,41168.000,0,0.000,0,0.000,0,0.000
727.000,0,0.000,0,0.000,238,979216.000,735152,38296.000,0,0.000,0,0.000,0,0.000
728.000,0,0.000,0,0.000,241,1046528.000,735185,25816.000,0,0.000,0,0.000,0,0.000
729.000,1,592.000,0,0.000,253,768960.000,735234,69016.000,0,0.000,0,0.000,0,0.000
730.000,0,0.000,0,0.000,246,827488.000,735269,57040.000,0,0.000,0,0.000,0,0.000
731.000,0,0.000,0,0.000,228,332552.000,735319,50144.000,0,0.000,0,0.000,0,0.000
732.000,0,0.000,0,0.000,257,1626784.000,735328,10000.000,0,0.000,0,0.000,0,0.000
733.000,0,0.000,0,0.000,252,961536.000,735361,35352.000,0,0.000,0,0.000,0,0.000
734.000,0,0.000,0,0.000,248,1009064.000,735392,31320.000,0,0.000,0,0.000,0,0.000
735.000,0,0.000,0,0.000,258,1128584.000,735405,15432.000,0,0.000,0,0.000,0,0.000
736.000,0,0.000,0,0.000,243,629016.000,735447,32736.000,0,0.000,0,0.000,0,0.000
737.000,0,0.000,0,0.000,244,911320.000,735477,42144.000,0,0.000,0,0.000,0,0.000
738.000,0,0.000,0,0.000,245,1330560.000,735494,17088.000,0,0.000,0,0.000,0,0.000
739.000,0,0.000,0,0.000,250,1383544.000,735504,20440.000,0,0.000,0,0.000,0,0.000
740.000,0,0.000,0,0.000,243,610224.000,735575,98880.000,0,0.000,0,0.000,0,0.000
741.000,0,0.000,0,0.000,257,865384.000,735617,76280.000,0,0.000,0,0.000,0,0.000
742.000,0,0.000,0,0.000,247,1107776.000,735641,32472.000,0,0.000,0,0.000,0,0.000
743.000,0,0.000,0,0.000,254,878544.000,735683,41872.000,0,0.000,0,0.000,0,0.000
744.000,0,0.000,0,0.000,247,829264.000,735720,34976.000,0,0.000,0,0.000,0,0.000
745.000,0,0.000,0,0.000,244,461496.000,735770,53784.000,0,0.000,0,0.000,0,0.000
746.000,0,0.000,0,0.000,239,325056.000,735837,69088.000,0,0.000,0,0.000,0,0.000
747.000,0,0.000,0,0.000,248,275000.000,735890,60960.000,0,0.000,0,0.000,0,0.000
748.000,0,0.000,0,0.000,234,240160.000,735975,79752.000,0,0.000,0,0.000,0,0.000
749.000,0,0.000,0,0.000,242,233232.000,736051,70792.000,0,0.000,0,0.000,0,0.000
750.000,0,0.000,0,0.000,235,247672.000,736134,76464.000,0,0.000,0,0.000,0,0.000
751.000,0,0.000,0,0.000,246,348760.000,736218,115872.000,0,0.000,0,0.000,0,0.000
752.000,0,0.000,0,0.000,237,301904.000,736291,96256.000,0,0.000,0,0.000,0,0.000
753.000,0,0.000,0,0.000,244,1179272.000,736315,26424.000,0,0.000,0,0.000,0,0.000
754.000,0,0.000,0,0.000,247,1150128.000,736331,20312.000,0,0.000,0,0.000,0,0.000
755.000,0,0.000,0,0.000,254,818408.000,736362,60064.000,0,0.000,0,0.000,0,0.000
756.000,0,0.000,0,0.000,258,895688.000,736426,70440.000,0,0.000,0,0.000,0,0.000
757.000,0,0.000,0,0.000,239,1020512.000,736445,22920.000,0,0.000,0,0.000,0,0.000
758.000,0,0.000,0,0.000,250,1251680.000,736464,22616.000,0,0.000,0,0.000,0,0.000
759.000,0,0.000,0,0.000,249,737184.000,736519,79760.000,0,0.000,0,0.000,0,0.000
760.000,0,0.000,0,0.000,249,808648.000,736592,90456.000,0,0.000,0,0.000,0,0.000
761.000,0,0.000,0,0.000,245,1215128.000,736625,42224.000,0,0.000,0,0.000,0,0.000
762.000,0,0.000,0,0.000,253,771896.000,736663,47416.000,0,0.000,0,0.000,0,0.000
763.000,0,0.000,0,0.000,248,632440.000,736731,64104.000,0,0.000,0,0.000,0,0.000
764.000,0,0.000,0,0.000,235,985296.000,736759,24168.000,0,0.000,0,0.000,0,0.000
765.000,0,0.000,0,0.000,257,1559464.000,736768,16192.000,0,0.000,0,0.000,0,0.000
766.000,0,0.000,0,0.000,246,507256.000,736799,30976.000,0,0.000,0,0.000,0,0.000
767.000,0,0.000,0,0.000,236,300888.000,736868,74664.000,0,0.000,0,0.000,0,0.000
768.000,0,0.000,0,0.000,247,1643864.000,736879,11808.000,0,0.000,0,0.000,0,0.000
769.000,0,0.000,0,0.000,252,1326848.000,736891,14096.000,0,0.000,0,0.000,0,0.000
770.000,0,0.000,0,0.000,245,830744.000,736932,42024.000,0,0.000,0,0.000,0,0.000
771.000,0,0.000,0,0.000,252,1241872.000,736962,23248.000,0,0.000,0,0.000,0,0.000
772.000,0,0.000,0,0.000,243,977400.000,736984,27952.000,0,0.000,0,0.000,0,0.000
773.000,0,0.000,0,0.000,247,772472.000,737026,44184.000,0,0.000,0,0.000,0,0.000
774.000,0,0.000,0,0.000,258,1062056.000,737077,43008.000,0,0.000,0,0.000,0,0.000
775.000,0,0.000,0,0.000,257,1591096.000,737090,18248.000,0,0.000,0,0.000,0,0.000
776.000,0,0.000,0,0.000,242,1075104.000,737110,19856.000,0,0.000,0,0.000,0,0.000
777.000,0,0.000,0,0.000,249,592224.000,737152,77328.000,0,0.000,0,0.000,0,0.000
778.000,0,0.000,0,0.000,246,1125560.000,737196,28328.000,0,0.000,0,0.000,0,0.000
779.000,0,0.000,0,0.000,245,1592576.000,737208,12488.000,0,0.000,0,0.000,0,0.000
780.000,0,0.000,0,0.000,246,587976.000,737262,100568.000,0,0.000,0,0.000,0,0.000
781.000,0,0.000,0,0.000,246,954528.000,737298,33544.000,0,0.000,0,0.000,0,0.000
782.000,0,0.000,0,0.000,251,1315344.000,737331,27928.000,0,0.000,0,0.000,0,0.000
783.000,0,0.000,0,0.000,244,1099000.000,737344,16760.000,0,0.000,0,0.000,0,0.000
784.000,0,0.000,0,0.000,253,711416.000,737385,58032.000,0,0.000,0,0.000,0,0.000
785.000,0,0.000,0,0.000,247,1157448.000,737417,26968.000,0,0.000,0,0.000,0,0.000
786.000,0,0.000,0,0.000,257,1812760.000,737428,7360.000,0,0.000,0,0.000,0,0.000
787.000,0,0.000,0,0.000,242,537520.000,737471,51600.000,0,0.000,0,0.000,0,0.000
788.000,0,0.000,0,0.000,242,356888.000,737568,124024.000,0,0.000,0,0.000,0,0.000
789.000,0,0.000,0,0.000,247,1766056.000,737579,23120.000,0,0.000,0,0.000,0,0.000
790.000,0,0.000,0,0.000,254,1232760.000,737592,26352.000,0,0.000,0,0.000,0,0.000
791.000,0,0.000,0,0.000,254,719952.000,737641,71344.000,0,0.000,0,0.000,0,0.000
792.000,0,0.000,0,0.000,251,917600.000,737666,28816.000,0,0.000,0,0.000,0,0.000
793.000,0,0.000,0,0.000,254,1464128.000,737694,18320.000,0,0.000,0,0.000,0,0.000
794.000,0,0.000,0,0.000,246,747224.000,737726,34216.000,0,0.000,0,0.000,0,0.000
795.000,0,0.000,0,0.000,240,645328.000,737772,42504.000,0,0.000,0,0.000,0,0.000
796.000,0,0.000,0,0.000,248,1132952.000,737793,26384.000,0,0.000,0,0.000,0,0.000
797.000,0,0.000,0,0.000,249,1035696.000,737829,27144.000,0,0.000,0,0.000,0,0.000
798.000,0,0.000,0,0.000,226,788488.000,737859,34384.000,0,0.000,0,0.000,0,0.000
799.000,0,0.000,0,0.000,244,908248.000,737883,23776.000,0,0.000,0,0.000,0,0.000
800.000,0,0.000,0,0.000,251,964976.000,737904,27864.000,0,0.000,0,0.000,0,0.000
801.000,0,0.000,0,0.000,246,891120.000,737947,35528.000,0,0.000,0,0.000,0,0.000
802.000,0,0.000,0,0.000,246,834624.000,737976,35296.000,0,0.000,0,0.000,0,0.000
803.000,0,0.000,0,0.000,250,1141592.000,737993,19608.000,0,0.000,0,0.000,0,0.000
804.000,0,0.000,0,0.000,253,1191016.000,738004,12704.000,0,0.000,0,0.000,0,0.000
805.000,0,0.000,0,0.000,228,572568.000,738060,50232.000,0,0.000,0,0.000,0,0.000
806.000,0,0.000,0,0.000,238,252080.000,738114,55176.000,0,0.000,0,0.000,0,0.000
807.000,0,0.000,0,0.000,271,1581536.000,738129,19112.000,0,0.000,0,0.000,0,0.000
808.000,0,0.000,0,0.000,258,1547472.000,738135,6576.000,0,0.000,0,0.000,0,0.000
809.000,0,0.000,0,0.000,244,822952.000,738187,50024.000,0,0.000,0,0.000,0,0.000
810.000,0,0.000,0,0.000,255,923672.000,738241,74456.000,0,0.000,0,0.000,0,0.000
811.000,0,0.000,0,0.000,248,1426728.000,738253,19368.000,0,0.000,0,0.000,0,0.000
812.000,0,0.000,0,0.000,241,950344.000,738263,10280.000,0,0.000,0,0.000,0,0.000
813.000,0,0.000,0,0.000,247,473136.000,738331,65272.000,0,0.000,0,0.000,0,0.000
814.000,0,0.000,0,0.000,249,1192528.000,738356,30192.000,0,0.000,0,0.000,0,0.000
815.000,0,0.000,0,0.000,247,1271496.000,738374,18760.000,0,0.000,0,0.000,0,0.000
816.000,0,0.000,0,0.000,242,1215632.000,738383,13800.000,0,0.000,0,0.000,0,0.000
817.000,0,0.000,0,0.000,239,675880.000,738431,42792.000,0,0.000,0,0.000,0,0.000
818.000,0,0.000,0,0.000,244,1057144.000,738459,33720.000,0,0.000,0,0.000,0,0.000
819.000,0,0.000,0,0.000,247,1388984.000,738465,6312.000,0,0.000,0,0.000,0,0.000
820.000,0,0.000,0,0.000,241,614808.000,738512,73304.000,0,0.000,0,0.000,0,0.000
821.000,0,0.000,0,0.000,255,786392.000,738582,125712.000,0,0.000,0,0.000,0,0.000
822.000,0,0.000,0,0.000,250,1027808.000,738602,29336.000,0,0.000,0,0.000,0,0.000
823.000,0,0.000,0,0.000,246,826552.000,738632,39032.000,0,0.000,0,0.000,0,0.000
824.000,0,0.000,0,0.000,247,650888.000,738684,43544.000,0,0.000,0,0.000,0,0.000
825.000,0,0.000,0,0.000,255,930808.000,738714,33296.000,0,0.000,0,0.000,0,0.000
826.000,0,0.000,0,0.000,255,1427328.000,738728,13640.000,0,0.000,0,0.000,0,0.000
827.000,0,0.000,0,0.000,237,822560.000,738747,17992.000,0,0.000,0,0.000,0,0.000
828.000,0,0.000,0,0.000,250,700288.000,738796,43344.000,0,0.000,0,0.000,0,0.000
829.000,0,0.000,0,0.000,239,497648.000,738843,50664.000,0,0.000,0,0.000,0,0.000
830.000,0,0.000,0,0.000,265,1585168.000,738855,11760.000,0,0.000,0,0.000,0,0.000
831.000,0,0.000,0,0.000,250,1229496.000,738872,19384.000,0,0.000,0,0.000,0,0.000
832.000,0,0.000,0,0.000,258,737088.000,738935,63264.000,0,0.000,0,0.000,0,0.000
833.000,0,0.000,0,0.000,241,1088120.000,738956,26808.000,0,0.000,0,0.000,0,0.000
834.000,0,0.000,0,0.000,258,937976.000,738979,25360.000,0,0.000,0,0.000,0,0.000
835.000,1035,612640.000,0,0.000,1786,1801992.000,739035,50160.000,1034,612128.000,0,0.000,0,0.000
836.000,2,1184.000,0,0.000,251,1200904.000,739057,22792.000,2,1184.000,0,0.000,0,0.000
837.000,4,2368.000,0,0.000,257,1498816.000,739064,7984.000,4,2368.000,0,0.000,0,0.000
838.000,8,4736.000,0,0.000,247,1093496.000,739079,21528.000,8,4736.000,0,0.000,0,0.000
839.000,16,9472.000,0,0.000,270,721584.000,739132,46184.000,16,9472.000,0,0.000,0,0.000
840.000,32,18944.000,0,0.000,299,1080272.000,739160,36968.000,32,18944.000,0,0.000,0,0.000
841.000,64,37888.000,0,0.000,344,1347768.000,739185,28880.000,64,37888.000,0,0.000,0,0.000
842.000,64,37888.000,0,0.000,342,578920.000,739226,53608.000,64,37888.000,0,0.000,0,0.000
843.000,64,37888.000,0,0.000,329,383496.000,739300,64800.000,64,37888.000,0,0.000,0,0.000
844.000,0,0.000,0,0.000,253,1564576.000,739312,12920.000,0,0.000,0,0.000,0,0.000
845.000,36,21312.000,0,0.000,300,1111448.000,739324,19008.000,36,21312.000,0,0.000,0,0.000
846.000,0,0.000,0,0.000,240,672960.000,739357,43328.000,0,0.000,0,0.000,0,0.000
847.000,0,0.000,0,0.000,252,1089960.000,739396,29040.000,0,0.000,0,0.000,0,0.000
848.000,0,0.000,0,0.000,248,865424.000,739419,28824.000,0,0.000,0,0.000,0,0.000
849.000,0,0.000,0,0.000,232,524312.000,739466,63016.000,0,0.000,0,0.000,0,0.000
850.000,0,0.000,0,0.000,251,1034376.000,739522,70416.000,0,0.000,0,0.000,0,0.000
851.000,0,0.000,0,0.000,253,1514032.000,739538,29064.000,0,0.000,0,0.000,0,0.000
852.000,0,0.000,0,0.000,253,612920.000,739580,62104.000,0,0.000,0,0.000,0,0.000
853.000,0,0.000,0,0.000,257,394824.000,739663,158296.000,0,0.000,0,0.000,0,0.000
854.000,0,0.000,0,0.000,254,1651800.000,739683,29856.000,0,0.000,0,0.000,0,0.000
855.000,10,24880.000,0,0.000,255,825888.000,739697,23712.000,10,24880.000,0,0.000,0,0.000
856.000,2,4976.000,0,0.000,248,799280.000,739729,30784.000,2,4976.000,0,0.000,0,0.000
857.000,4,9952.000,0,0.000,260,1014496.000,739771,36000.000,4,9952.000,0,0.000,0,0.000
858.000,8,19904.000,0,0.000,255,1157896.000,739788,18152.000,8,19904.000,0,0.000,0,0.000
859.000,16,39808.000,0,0.000,254,687032.000,739812,39584.000,16,39808.000,0,0.000,0,0.000
860.000,32,79616.000,0,0.000,280,925512.000,739853,37968.000,32,79616.000,0,0.000,0,0.000
861.000,64,159232.000,0,0.000,321,1497264.000,739885,29200.000,64,159232.000,0,0.000,0,0.000
862.000,64,159232.000,0,0.000,308,914256.000,739905,23032.000,64,159232.000,0,0.000,0,0.000
863.000,72,163712.000,0,0.000,313,752976.000,739937,39136.000,72,163712.000,0,0.000,0,0.000
864.000,239,209648.000,0,0.000,595,1316888.000,739984,34688.000,239,209648.000,0,0.000,0,0.000
865.000,64,37888.000,0,0.000,339,830272.000,740009,33760.000,64,37888.000,0,0.000,0,0.000
866.000,36,21312.000,0,0.000,298,875864.000,740034,25056.000,36,21312.000,0,0.000,0,0.000
867.000,0,0.000,0,0.000,259,1173576.000,740056,29928.000,0,0.000,0,0.000,0,0.000
868.000,0,0.000,0,0.000,249,1122712.000,740091,24800.000,0,0.000,0,0.000,0,0.000
869.000,0,0.000,0,0.000,250,410688.000,740143,74664.000,0,0.000,0,0.000,0,0.000
870.000,0,0.000,0,0.000,248,573800.000,740183,54872.000,0,0.000,0,0.000,0,0.000
871.000,0,0.000,0,0.000,234,253072.000,740272,85120.000,0,0.000,0,0.000,0,0.000
872.000,0,0.000,0,0.000,241,260704.000,740361,92784.000,0,0.000,0,0.000,0,0.000
873.000,0,0.000,0,0.000,235,253208.000,740458,123456.000,0,0.000,0,0.000,0,0.000
874.000,0,0.000,0,0.000,238,303984.000,740527,110496.000,0,0.000,0,0.000,0,0.000
875.000,0,0.000,0,0.000,230,551640.000,740581,46992.000,0,0.000,0,0.000,0,0.000
876.000,0,0.000,0,0.000,250,1303904.000,740597,16808.000,0,0.000,0,0.000,0,0.000
877.000,10,24880.000,0,0.000,258,761160.000,740643,66000.000,10,24880.000,0,0.000,0,0.000
878.000,2,4976.000,0,0.000,258,1433592.000,740655,12016.000,2,4976.000,0,0.000,0,0.000
879.000,4,9952.000,0,0.000,250,1250064.000,740689,32680.000,4,9952.000,0,0.000,0,0.000
880.000,8,19904.000,0,0.000,244,621640.000,740737,49800.000,8,19904.000,0,0.000,0,0.000
881.000,16,39808.000,0,0.000,265,719312.000,740792,60512.000,16,39808.000,0,0.000,0,0.000
882.000,32,79616.000,0,0.000,286,1615680.000,740802,12832.000,32,79616.000,0,0.000,0,0.000
883.000,64,159232.000,0,0.000,312,1037432.000,740836,27640.000,64,159232.000,0,0.000,0,0.000
884.000,64,159232.000,0,0.000,309,339936.000,740891,63304.000,64,159232.000,0,0.000,0,0.000
885.000,1245,2283264.000,0,0.000,2209,2203040.000,740905,15552.000,1245,2283264.000,0,0.000,0,0.000
886.000,0,0.000,0,0.000,265,1708400.000,740922,14048.000,0,0.000,0,0.000,0,0.000
887.000,0,0.000,0,0.000,248,690792.000,740974,48760.000,0,0.000,0,0.000,0,0.000
888.000,0,0.000,0,0.000,253,1095384.000,740995,23880.000,0,0.000,0,0.000,0,0.000
889.000,0,0.000,0,0.000,252,1285168.000,741020,27024.000,0,0.000,0,0.000,0,0.000
890.000,0,0.000,0,0.000,249,765984.000,741063,32472.000,0,0.000,0,0.000,0,0.000
891.000,0,0.000,0,0.000,251,985888.000,741108,69768.000,0,0.000,0,0.000,0,0.000
892.000,0,0.000,0,0.000,248,1080032.000,741136,43472.000,0,0.000,0,0.000,0,0.000
893.000,0,0.000,0,0.000,248,1493200.000,741144,11840.000,0,0.000,0,0.000,0,0.000
894.000,536,1188688.000,0,0.000,791,1177672.000,741196,48680.000,536,1188688.000,0,0.000,0,0.000
895.000,6091,6785856.000,0,0.000,4812,4106744.000,741223,30776.000,6091,6785856.000,0,0.000,0,0.000
896.000,5550,5993176.000,0,0.000,4348,4471808.000,741236,15456.000,5550,5993176.000,0,0.000,0,0.000
897.000,5500,5942544.000,0,0.000,4537,3943576.000,741268,35352.000,5500,5942544.000,0,0.000,0,0.000
898.000,5645,6005840.000,0,0.000,4726,3691760.000,741319,41688.000,5645,6005840.000,0,0.000,0,0.000
899.000,5676,6011264.000,0,0.000,5078,4547728.000,741335,22064.000,5676,6011264.000,0,0.000,0,0.000
900.000,5760,6115496.000,0,0.000,5243,4979872.000,741345,12296.000,5760,6115496.000,0,0.000,0,0.000
901.000,6261,6607864.000,0,0.000,5742,4389248.000,741378,68288.000,6261,6607864.000,0,0.000,0,0.000
902.000,5858,6161016.000,0,0.000,5720,4026320.000,741485,142432.000,5858,6161016.000,0,0.000,0,0.000
903.000,5921,6194904.000,0,0.000,5871,5057152.000,741503,27640.000,5921,6194904.000,0,0.000,0,0.000
904.000,6181,6470408.000,0,0.000,6225,5678696.000,741511,11624.000,6181,6470408.000,0,0.000,0,0.000
905.000,6641,6953624.000,0,0.000,6527,5194488.000,741558,40840.000,6641,6953624.000,0,0.000,0,0.000
906.000,6173,6465000.000,0,0.000,6361,5149944.000,741585,27768.000,6173,6465000.000,0,0.000,0,0.000
907.000,5830,6078328.000,0,0.000,6210,5220696.000,741601,19736.000,5830,6078328.000,0,0.000,0,0.000
908.000,6168,6422648.000,0,0.000,6552,5117344.000,741627,23296.000,6168,6422648.000,0,0.000,0,0.000
909.000,6267,6547664.000,0,0.000,6677,4975728.000,741680,44024.000,6267,6547664.000,0,0.000,0,0.000
910.000,6133,6422336.000,0,0.000,6676,5312768.000,741701,23936.000,6133,6422336.000,0,0.000,0,0.000
911.000,6454,6741616.000,0,0.000,7011,6196776.000,741707,9016.000,6454,6741616.000,0,0.000,0,0.000
912.000,6011,6287456.000,0,0.000,6754,4973920.000,741732,28840.000,6011,6287456.000,0,0.000,0,0.000
913.000,6283,6554984.000,0,0.000,6950,5212952.000,741786,41120.000,6283,6554984.000,0,0.000,0,0.000
914.000,6011,6302008.000,0,0.000,6763,5445312.000,741811,34408.000,6011,6302008.000,0,0.000,0,0.000
915.000,6409,6713040.000,0,0.000,7172,5821104.000,741824,17248.000,6409,6713040.000,0,0.000,0,0.000
916.000,6791,7082456.000,0,0.000,7509,5507640.000,741858,35760.000,6791,7082456.000,0,0.000,0,0.000
917.000,6778,7044320.000,0,0.000,7633,5768888.000,741907,44112.000,6778,7044320.000,0,0.000,0,0.000
918.000,6559,6921448.000,0,0.000,7379,5820096.000,741922,17552.000,6559,6921448.000,0,0.000,0,0.000
919.000,6487,6818784.000,0,0.000,7493,5645824.000,741946,34040.000,6487,6818784.000,0,0.000,0,0.000
920.000,7268,7617624.000,0,0.000,8179,5996168.000,741983,53136.000,7268,7617624.000,0,0.000,0,0.000
921.000,2213,2239256.000,0,0.000,2981,2599624.000,742023,30568.000,2213,2239256.000,0,0.000,0,0.000
922.000,0,0.000,0,0.000,255,1124104.000,742069,71992.000,0,0.000,0,0.000,0,0.000
